,rse,mare,rmse,mse,r2,kge,nse,mkge,cc,alpha,beta
LE-train,0.3587065424915218,0.5750540024492179,35.33543313686587,1248.5928349699188,0.4684685529298228,0.7139961701157858,0.6412934575084782,0.7623475372780276,0.8033881522285693,0.8938015969766053,0.919102697517143
LE-test,0.2848890760608044,0.46289771287925946,34.08921394985412,1162.0745077189288,0.5316441473821352,0.6685456317003848,0.7151109239391956,0.751308963723966,0.8588899196706621,0.7962486060480908,0.9794927764885322
NEE-train,1.0493919815260893,33.57254767836798,5.45921396617079,29.803017128434202,0.38537733132840457,-31.207286354716686,-0.04939198152608926,-31.22267446319382,0.8527219816442486,-31.205489586364106,-0.04187295236290971
NEE-test,0.8536649180682384,-11.72011302216879,5.328687524895868,28.394910737980847,0.46559725559637577,-10.313622062326537,0.1463350819317616,-10.346083096605813,0.874466435194262,12.309847364501815,0.10267310813580402
