,rse,mare,rmse,mse,r2,kge,nse,mkge,cc,alpha,beta
LE-train,0.07555769619822304,0.22872819498732816,29.07719314829248,845.4831613831071,0.917063712589651,0.9403654003158901,0.9244423038017769,0.9414949952456364,0.9615054531714532,0.9984411150187277,0.9559707446873322
LE-test,0.12432701258302019,0.28163581137661375,38.07485159376114,1449.694323886935,0.8291025905940881,0.8265754424636862,0.8756729874169799,0.8765617165922823,0.9410024767047299,0.9295250402362514,0.917601079485432
NEE-train,0.6848168431102317,-7.272830791087149,8.363921225689264,69.9551782695354,-3.366092747248791,-0.09545207745384165,0.3151831568897683,-0.5326846411737016,0.6014386865589717,0.17756562005203405,2.230395375234126
NEE-test,0.6733287238714286,3293.8114704965133,7.964224825618587,63.428877072999406,-3.45753847767571,-358.77137535774887,0.3266712761285714,-358.77224272113335,0.6194674828502283,360.77065469688847,0.0010772954260590422
