,rse,mare,rmse,mse,r2,kge,nse,mkge,cc,alpha,beta
LE-train,0.5375437140464783,0.49053893058376913,77.55681962760761,6015.060270749261,0.5282839942907144,0.6853483332422334,0.46245634227038357,0.6760776185174993,0.7578271788618842,1.189214686253704,0.8976484663856311
LE-test,0.23471051454544067,0.44969608348483037,52.31446071523733,2736.80279992611,0.6727827746679209,0.7877205025210784,0.7652894741451555,0.7385938528896935,0.8768476113244514,1.0804118046161117,0.7838967733027984
NEE-train,0.33367082476615906,-4.4163563404096,5.838238642601928,34.0850304479704,0.585685623190281,0.645696412625931,0.6663291623192146,0.5728785550868885,0.8202536424632283,0.7124257949460134,1.259663344052438
NEE-test,0.4988093674182892,2485.3465654768333,6.8548388829706095,46.988816111485754,-0.0458632908866381,-710.6888470972436,0.5011905997583108,-710.68948103815,0.7189177594450958,712.688724338256,0.0009690138220996176
