,rse,mare,rmse,mse,r2,kge,nse,mkge,cc,alpha,beta
LE-train,0.21171816148955983,0.5022385060179916,15.589737226844349,243.03990680205652,0.727323871174177,0.8364078055474364,0.7882818385104402,0.8417475684880906,0.8878873981805984,0.9915991898893975,0.88862665048495
LE-test,0.23791472675016964,0.4532508958901242,24.303289198350114,590.6498658586413,0.6777465467860101,0.8029336628846678,0.7620852732498303,0.8352460777551943,0.8738122114865027,0.944349754146654,0.9098692779259897
NEE-train,0.38482505389063315,2.655615840828302,0.512289444670691,0.262440475121005,0.35489893403729456,0.6842856127356116,0.6151749461093668,0.6637319936106534,0.7844406304599614,1.0372579702880258,0.744613677001717
NEE-test,0.4672101649167104,-4.57834998292775,0.9206658764027396,0.8476256559724246,0.08351262674237192,-0.8088822817833714,0.5327898350832896,-1.628855130828152,0.7507252343500372,-0.7686481289309802,-0.9288922173414975
