,rse,mare,rmse,mse,r2,kge,nse,mkge,cc,alpha,beta
LE-train,0.5482846487377551,0.8559524186687099,43.6861541058642,1908.4800605613152,0.09345924966220809,0.5052687083634547,0.45171535126224494,0.3945018724947492,0.7024744774349548,1.326830472509185,0.5861299865003692
LE-test,0.4311031919668738,0.6762092831544072,41.9343299466011,1758.488028070406,0.17202008569809668,0.6115504633540907,0.5688968080331263,0.551037518828501,0.7591888238331287,1.124023532374695,0.6419560776244071
NEE-train,0.5086184312697478,23.075682462516074,3.8006448808617663,14.44490151042075,0.4801915030150703,-17.85655921151931,0.4913815687302522,-17.886068218883974,0.84181308449685,-17.855892582352833,-0.05539783535605098
NEE-test,0.415122706826861,-7.973156045815708,3.715906533139234,13.807961363026841,0.5485747872709927,-5.344472328351813,0.584877293173139,-5.403632230961986,0.8609683405298284,7.342815944609368,0.1305968484705588
