,rse,mare,rmse,mse,r2,kge,nse,mkge,cc,alpha,beta
LE-train,0.4386073827645794,0.6641101761065329,39.07317829038573,1526.7132617122704,0.26155913185821567,0.6600572822178918,0.5613926172354207,0.6689099030566272,0.7496227823857073,0.9829842508751552,0.7840315637056714
LE-test,0.31356471182368195,0.5009548409598149,35.76371947219301,1279.0436304857176,0.369287944014672,0.6318089462479086,0.686435288176318,0.7260862346583838,0.8462861311383744,0.8419869858050383,0.8374186827823203
NEE-train,0.3977905540346825,18.500812390351648,3.361154520871972,11.297359713178096,0.3959579762573685,0.2535067072265833,0.6022094459653176,0.110591478245463,0.7769574537724312,1.6870048208057449,0.4810357263437299
NEE-test,0.35492195686537814,-7.274250751664554,3.4359194229630567,11.805542281094786,0.430140089523271,-0.12861177372201693,0.6450780431346219,-8.674395114896699,0.8060460351251885,-0.0916529474778641,-8.61065016223717
