,rse,mare,rmse,mse,r2,kge,nse,mkge,cc,alpha,beta
LE-train,0.4388826787471771,0.6643829617777797,39.08543924409935,1527.6715609041814,0.26100816133272386,0.6598860825572312,0.561117301316893,0.6688273946895862,0.7494442385704213,0.9828075442353511,0.7841261377857158
LE-test,0.3132762312889099,0.500831377355995,35.74726347846515,1277.8668461988084,0.37178356138362156,0.6329486967165944,0.6867237924095286,0.7267916013645406,0.8462128605670287,0.8427107363392451,0.8379739762660532
NEE-train,0.39800140261650085,18.503922480095316,3.3620450195803198,11.303346713684833,0.39564229084170865,0.2504124657446529,0.6019986299687783,0.107443191154588,0.7768292439692313,1.6903251102425296,0.4800925920535468
NEE-test,0.3560033142566681,-7.276602212419121,3.4411496062685587,11.841510612722256,0.4286087037966797,-0.13076129971290484,0.6439966890987424,-8.481982055420579,0.8053688010532682,-0.0937820490624619,-8.416673681553542
