,rse,mare,rmse,mse,r2,kge,nse,mkge,cc,alpha,beta
LE-train,0.17924103544685552,0.46211285244778755,14.344270288584305,205.75809011196245,0.7797969615723197,0.8643178900395134,0.8207589645531445,0.8629992425576968,0.9059658176958019,1.0020230263460153,0.9003873127430599
LE-test,0.20463716991688477,0.4133899942977107,22.53962325521139,508.034616486866,0.719867260878062,0.8117435338117418,0.7953628300831153,0.8464214410008495,0.8933343208225537,0.9456961477086401,0.9037716346590684
NEE-train,0.9388079593612534,4.4737245775932255,0.8001513083687818,0.6402421162842733,-24.1362153840113,-0.5578697433221376,0.061192040638746614,-0.613718415982093,0.31884772178116827,2.145494540800438,0.090076400485489
NEE-test,0.9668021825603359,-6.4695235357481184,1.324386412053001,1.753999368430621,-44.46870575370313,-2.3574013051948937,0.0331978174396641,-2.4174197252881044,0.5196158736972736,-2.2111911366956445,-0.06594566165068882
