,rse,mare,rmse,mse,r2,kge,nse,mkge,cc,alpha,beta
LE-train,0.246614679327082,0.49090635475416944,29.298826911875246,858.4212584120252,0.6680787577910173,0.8088114428472523,0.753385320672918,0.8143661109318376,0.8680144333324422,0.9910290933079526,0.8697722234116813
LE-test,0.22890386994782275,0.4306577880116686,30.55664412831029,933.7085003841996,0.6643896537298474,0.7672454695657547,0.7710961300521773,0.8248765131203228,0.8821487452069398,0.9001869432831282,0.9174368659180613
NEE-train,0.1550696196532611,11.686124704097502,2.0985755385872036,4.404019291156572,0.8151527871459173,0.883261030482745,0.844930380346739,0.886885857917171,0.9192068371031604,0.9944520013441498,0.9210285261681544
NEE-test,0.14403816959554736,-4.866070773028821,2.1888466380760927,4.7910496050170135,0.8376539185708743,0.904546600655761,0.8559618304044526,0.9114402673393345,0.9253312343701697,0.9872087447056063,0.9541329587150025
