,rse,mare,rmse,mse,r2,kge,nse,mkge,cc,alpha,beta
LE-train,0.25148255806763176,0.4883804082834749,29.586575792224032,875.3654671090171,0.6593080630440529,0.8049041667319847,0.7485174419323682,0.8094905759527038,0.8652008888984449,0.992577241141471,0.8655829514235963
LE-test,0.24109479917293258,0.43628966540064984,31.35978017717314,983.4358127606214,0.6635984080406664,0.7860122291652072,0.7589052008270674,0.8299326991674862,0.872927756297199,0.9218728110851179,0.9183196838580372
NEE-train,0.21059322001539307,13.474242328619768,2.4455888070343597,5.9809046130917425,0.7290996160103405,0.7133675135079516,0.789406779984607,0.6122354431164628,0.8885292168287423,1.2360845091820591,0.7132950635260379
NEE-test,0.1342835896090807,-4.412286586536257,2.1134306810057333,4.466589243416357,0.8142536009215804,0.3824691918768529,0.8657164103909193,-0.2546073026418807,0.9349803497698389,0.40443774830920054,2.1023236971449304
