,rse,mare,rmse,mse,r2,kge,nse,mkge,cc,alpha,beta
LE-train,0.5551353574014326,0.8611637290189316,43.95823179919623,1932.3261429118663,0.09383320562290798,0.5039300567774017,0.4448646425985674,0.3935223789734511,0.6988936885501406,1.3289393837307324,0.5889659675380535
LE-test,0.43087345196483756,0.6795151711179539,41.92315480676653,1757.550908952112,0.16956338515898628,0.6115928208507342,0.5691265480351624,0.5523080821435291,0.7592178241751072,1.1210768613376312,0.6425193840672428
NEE-train,0.28117216404324996,15.783168416001834,2.8258389518590734,7.985365781843987,0.6436554106808379,0.8018909405859234,0.71882783595675,0.7684311165255509,0.8487591346390395,1.0623906006185224,0.8361166225850503
NEE-test,0.24661965581094156,-6.3403080298591545,2.86411452959883,8.203152038659127,0.6676770525770015,0.41444964914103466,0.7533803441890584,-0.08986646511987262,0.868648420031102,0.44644616020794964,1.9295879843694397
