,rse,mare,rmse,mse,r2,kge,nse,mkge,cc,alpha,beta
LE-train,1.660925778738363,1.7761292151565187,43.66513938576829,1906.6443975785733,-10.121296368418204,-0.771324017764188,-0.6609257787383629,-0.7897891579574199,-0.6545640611354466,1.1535168114306105,0.33502211604513793
LE-test,1.5990715283842065,1.2637245148161387,63.006932650389544,3969.873562010724,-18.18912274980743,-0.9062424944489773,-0.5990715283842065,-0.8039083093945141,-0.6801451542975817,0.44783443194365674,0.6445979253775458
NEE-train,0.40186195332446,2.7242414272718247,0.5235066269375055,0.27405918844748456,0.32392484089459295,0.6701735186168,0.5981380466755399,0.6329391786356884,0.7734588326381401,1.0708003784781792,0.7199999062887381
NEE-test,0.4680761793068288,-4.557984559328504,0.9215187482242853,0.8491968033288536,-0.1280193191519241,-0.9718461847410873,0.5319238206931711,-1.576779148266216,0.7620337020606316,-0.9248204869595468,-0.6965343830778701
