,rse,mare,rmse,mse,r2,kge,nse,mkge,cc,alpha,beta
LE-train,1.0605053591206304,0.9673115540422365,60.75712345465081,3691.4280504836797,-0.1153047287787301,0.38418435055955247,-0.060505359120630375,0.3315864614637626,0.4742444875336089,1.3196736137450096,0.7389126960479636
LE-test,0.713861539860987,0.7589885948082528,53.961756884838344,2911.8712060983985,-0.1436230064467876,0.5201893534563953,0.286138460139013,0.48807436303515084,0.5781625552049836,1.0905583007080895,0.724463755335997
NEE-train,0.4772189025283524,21.111784365421112,3.681459815194715,13.553146370893506,0.04279669640112471,0.5359745003497007,0.5227810974716476,0.6311328572855418,0.7232598986694723,0.7712024827404672,0.9155631514931337
NEE-test,0.45540713662880256,-8.51900933889788,3.892032452667516,15.147916612617118,0.06216100215150999,0.19177470573958721,0.5445928633711974,-0.5395366911082262,0.7404718319795827,0.2971700793073976,2.344934368603785
