,rse,mare,rmse,mse,r2,kge,nse,mkge,cc,alpha,beta
LE-train,0.371365613409778,0.5779400409510415,35.953536399821544,1292.6567796532927,0.48287809317211083,0.6956744200481633,0.628634386590222,0.7356512052269237,0.8005114696219343,0.8281247479109093,1.0233132851586626
LE-test,0.3228557273393454,0.497730002322182,36.289696513383426,1316.9420730334732,0.49140819294779625,0.627061879814959,0.6771442726606546,0.6744807951352283,0.8412461716059477,0.7306161972894039,1.0905115547496762
NEE-train,0.23631102410283855,14.48728007850322,2.590617152372434,6.7112972301662595,0.6966168207926842,0.8199564549172103,0.7636889758971614,0.8471863157805191,0.8739364476904948,0.9477270542732026,0.931242876668063
NEE-test,0.19315411385540304,-5.647299058718808,2.5347113992140256,6.4247618773055235,0.7321589216869353,0.33386675777038277,0.806845886144597,-0.5128291780524941,0.9005451050563094,0.3588263984891653,2.3666225735602167
