,rse,mare,rmse,mse,r2,kge,nse,mkge,cc,alpha,beta
LE-train,0.5808463619096988,0.8728704990664712,44.964669646785595,2021.8215164445617,0.1118624846901648,0.5004495680394887,0.41915363809030115,0.39169225697780696,0.6876078566197534,1.3396590811623255,0.6036653338919056
LE-test,0.4517040238180598,0.6885388893758304,42.9245813783633,1842.5196865077332,0.17174474856325195,0.6151166439153332,0.5482959761819401,0.5575935781844792,0.7443023895511135,1.119861096617625,0.6594482541639781
NEE-train,0.2702568953052994,15.42256497786703,2.770445665733556,7.675369186781846,0.6344750415976058,0.7350476523266909,0.7297431046947006,0.7720279176470392,0.8542777319430379,0.8287495171013385,1.037544147768398
NEE-test,0.24240202778625317,-6.27127506087825,2.839518228932683,8.062863772441,0.6529177592431585,0.4200100466067247,0.7575979722137468,0.007746702233554559,0.8717608675716629,0.4587518630608788,1.8216883752995072
