,rse,mare,rmse,mse,r2,kge,nse,mkge,cc,alpha,beta
LE-train,0.7566449642181396,0.6497916342349159,30.425909479287267,925.7359676417827,-1.1104640488690265,0.3054027713015117,0.24335495434029553,0.431888848580842,0.5783606745192832,0.6209263379629121,0.9643108094129426
LE-test,1.372099757194519,0.7205456714482894,25.8990575349425,670.7611811982619,-0.7989594980506434,0.21937347884242508,-0.3720997014993548,0.09183505528274982,0.3481099233500828,0.5896663114624329,1.4810708459570232
NEE-train,0.7699060440063477,-4.93414915136527,1.913000100879165,3.6595693859636955,-0.5904974141526573,0.34069976822151216,0.23009400135366953,0.4142363883593787,0.5141681547758703,0.6743078269527829,1.0317967813491165
NEE-test,1.1495486497879028,-6.342443979480646,1.7882605506286688,3.19787579693475,-1.849848291453648,-0.13332842641368403,-0.14954862205528818,-0.6713312305859367,0.20591886107833443,0.2783852424888606,2.281427082936408
