,rse,mare,rmse,mse,r2,kge,nse,mkge,cc,alpha,beta
LE-train,0.08035027290212254,0.2366778562830597,29.98518789502342,899.111493099859,0.9117157999982903,0.9383718424626022,0.9196497360038204,0.9374814297200722,0.9589970373848631,1.001245201204491,0.9528218465750482
LE-test,0.12761934217378948,0.28959750185058813,38.57569071672516,1488.0839142724358,0.8236934257408811,0.8273869619011124,0.8723806632891312,0.8726368007951111,0.9390110822636591,0.9382510707986637,0.9067862340233889
NEE-train,0.14589637989151838,-3.021204532977431,3.8605126107952703,14.903557618109314,0.8286292489730062,0.8907800858703389,0.8541036199909131,0.8997710970609265,0.9241791787164584,0.9857616449743002,0.9360132412883604
NEE-test,0.2372658397529754,1736.2375248123005,4.727674262895926,22.350903936048535,0.6461435452852228,-140.83246862381986,0.7627341586826061,-140.83583788089064,0.8755201565609763,142.8322983144606,0.005732942953719903
