,rse,mare,rmse,mse,r2,kge,nse,mkge,cc,alpha,beta
LE-train,0.08035026142266706,0.23667785785247958,29.985187895382218,899.1114931213763,0.9117157999961776,0.9383718425569004,0.9196497385773329,0.9374814295400045,0.9589970369280961,1.001245201598348,0.9528218467438054
LE-test,0.12761933628274177,0.28959749472782226,38.57569070556688,1488.0839134115588,0.8236934258428769,0.8273869624303776,0.8723806637172582,0.8726368009261554,0.9390110818292592,0.9382510713067265,0.9067862341501026
NEE-train,0.14589638045573122,-3.02120426839829,3.8605126154317952,14.90355765390804,0.8286292485613692,0.890780085079706,0.8541036195442688,0.8997710986445024,0.9241791791975655,0.9857616411201027,0.9360132440564266
NEE-test,0.23726583777991267,1736.2812342382085,4.727674268162798,22.35090398584865,0.6461435444967942,-140.83252828190834,0.7627341622200874,-140.83589753757778,0.875520156891224,142.83235797262,0.005732940553956577
