,rse,mare,rmse,mse,r2,kge,nse,mkge,cc,alpha,beta
LE-train,0.8166786432266235,0.67959313082571,31.609898680875734,999.1856946152294,-1.1431877364142924,0.30231874890805654,0.18332123634499187,0.4075390546393971,0.5067408610454976,0.6885607295918756,0.8965061621974652
LE-test,1.3518891334533691,0.7294692878845787,25.707608158350993,660.8811172233145,-0.49900253671685446,0.28263337092767005,-0.35188918066002683,0.19367170564389224,0.3538967996161382,0.6923773580788886,1.3715969360886024
NEE-train,0.7994951009750366,-5.043429698884578,1.9494138335897357,3.8002142945910298,-1.1201046899651943,0.24956404689816825,0.20050490290766898,0.3557403703909475,0.4716491112638323,0.6324814197407507,0.9709156076233141
NEE-test,1.2221226692199707,-6.475313776364599,1.8438454898361367,3.399766190389063,-2.2272902219413795,-0.06258557280247956,-0.22212268006719182,-0.004771010449624358,0.12991534576421734,0.5266050004297959,1.168566462516375
