,rse,mare,rmse,mse,r2,kge,nse,mkge,cc,alpha,beta
LE-train,0.4497580128374989,0.6789019533822311,39.56673597400058,1565.5265956362716,0.25787872560666203,0.6604393646139997,0.5502419871625011,0.6593577598758175,0.7426492751736757,1.0021297724457618,0.7768336847606341
LE-test,0.31590697680706425,0.5100854686230378,35.897044832929055,1288.5978277373185,0.3635870127317513,0.6345807415135298,0.6840930231929357,0.7238844799691009,0.8438658585889496,0.8521453214654441,0.8267923087065384
NEE-train,0.40158442228382335,18.511626603644476,3.3771447409436677,11.405106601283473,0.3904422906093442,0.2820319415464667,0.5984155777161766,0.139936786305081,0.7746128634545827,1.6551424677220352,0.4903945474995667
NEE-test,0.3532841775206679,-7.237205448432916,3.4279827702567687,11.75106587317727,0.4285366109508981,-0.10831458355443435,0.6467158224793321,-11.239844349098593,0.8070484267668528,-0.07025578190673096,-11.191436008192097
