,rse,mare,rmse,mse,r2,kge,nse,mkge,cc,alpha,beta
LE-train,0.6048900041485816,0.8806015384022194,45.88587040014225,2105.5131023786507,0.09251129618737852,0.4939086190054822,0.39510999585141837,0.387240394587112,0.6742627576998741,1.3410642874281544,0.608790676433201
LE-test,0.45122147095829146,0.690669542982819,42.90164720757947,1840.5513331236116,0.16105940307955036,0.6138182469342269,0.5487785290417085,0.5593951433546133,0.7442231170003565,1.1123765905579068,0.659291432868105
NEE-train,0.2674931168621434,15.335002797720403,2.7562432999973057,7.596877128780037,0.6405808112903968,0.5543466913906547,0.7325068831378566,0.39268640333196336,0.8559438472156966,0.6012505075865692,1.4348292444660127
NEE-test,0.2388370669047601,-6.221760453946234,2.8185607597493205,7.944284756398667,0.6596648127366957,0.4789469147244033,0.7611629330952399,0.21656919627318472,0.8736655434500274,0.5212514030946437,1.6071270132990456
