,rse,mare,rmse,mse,r2,kge,nse,mkge,cc,alpha,beta
LE-train,0.41704148013962666,0.6329398725536091,38.1004755991572,1451.6462408819732,0.2705932332640453,0.6563988448346672,0.5829585198603733,0.6860052327141943,0.7642249219735163,0.9451702049263188,0.8000087000976018
LE-test,0.31397959842744083,0.4850680748736343,35.78737166053588,1280.7359703693269,0.3780180217965351,0.6274416096992725,0.6860204015725592,0.728828400077025,0.8467518858961126,0.8225109262471861,0.8638138008946716
NEE-train,0.4059692463261491,18.762827956030197,3.39553188680769,11.529636794327791,0.4562532020171777,0.20801650413752726,0.5940307536738509,0.0703256380616959,0.7759525734387773,1.7473708961848442,0.4944963764397437
NEE-test,0.364059267096435,-7.448893746412299,3.4798664907167223,12.109470793213116,0.48616692053431165,-0.12700364460711144,0.635940732903565,-8.654695161658461,0.801236258699844,-0.09799005121665995,-8.58999736637737
