,rse,mare,rmse,mse,r2,kge,nse,mkge,cc,alpha,beta
LE-train,0.800514280796051,0.6482243874275797,31.2955103062427,979.4089653281432,-1.7243613196758925,0.22317323025331748,0.19948563392429963,0.37215055499201377,0.5831717832913084,0.5309471163986029,1.0209417224101205
LE-test,1.3604528903961182,0.694060878201204,25.788904470606536,665.0675937940698,-1.3589182775080966,0.14940685096253525,-0.3604529786466748,0.02464202268090132,0.3592911775059236,0.4949010540724304,1.5345001810300118
NEE-train,0.7541356086730957,-4.803989152818449,1.8933061466301224,3.5846081648674026,-0.6919900357669841,0.3261173613165488,0.24586446167319476,0.4137801001420277,0.5189768559417676,0.6649559429139927,1.0039982097459148
NEE-test,1.0952450037002563,-6.0508550855927945,1.7455117601990733,3.046811304993267,-2.5075747059856957,-0.25656166330778585,-0.09524508133639364,-2.3978405463695815,0.20416256768707944,0.13343908956079226,4.18763789480259
