,rse,mare,rmse,mse,r2,kge,nse,mkge,cc,alpha,beta
LE-train,0.33351463469304643,0.464504176016547,20.200165199449923,408.04667408506776,0.4971991793894197,0.7389083887412975,0.6664853653069536,0.7358997503153695,0.8163983367918644,1.0051959819523635,0.8102307376779864
LE-test,0.8788334867775056,0.5518634337167809,20.72738071706308,429.62431139007845,-2.1314248320591718,0.23864484776270845,0.12116651322249439,0.33445296228346144,0.4574268046790214,0.7467137202638104,0.7094604198567027
NEE-train,0.6926261110538197,-4.4973573647101945,1.8144523608896093,3.292237369937877,-1.3024516791002756,0.3656326462735574,0.30737388894618034,0.3676039008404667,0.554445568106012,0.994968305719166,0.5512453270388328
NEE-test,1.0950073857970057,-5.927302468518878,1.7453223355902452,3.0461500551101883,-7.079541296719476,-1.2052239130346396,-0.09500738579700574,-1.5333429295164653,0.12987583448584575,-0.9252666572289042,-0.39787647296962697
