,rse,mare,rmse,mse,r2,kge,nse,mkge,cc,alpha,beta
LE-train,0.688424289226532,0.6388762925632495,29.02188271532247,842.2696763419331,-0.5965554746248565,0.4008017373397479,0.31157565440934454,0.5041630922256817,0.6074109013749847,0.7049994027024019,0.9314238646025004
LE-test,1.3835192918777466,0.7339313617297232,26.006609404276855,676.3437327066214,-0.7081360937069856,0.23282334188365084,-0.38351929087472825,0.14118609807877625,0.32813628345178253,0.6434126306104865,1.398755454521992
NEE-train,0.8725020289421082,-5.449411998823114,2.036476255850158,4.147235540641478,-0.05623556488760029,0.4891389602371571,0.12749802400636667,0.48988193134545543,0.5247581816486067,0.8362320274069516,1.086866041757792
NEE-test,1.2629646062850952,-6.844486130321291,1.8744019640225869,3.513382722731731,-1.2146571060838132,-0.3092737665837675,-0.2629647066156915,-42.419389267496406,0.2136692259705935,-0.017810374862666158,-42.400335371020105
