,rse,mare,rmse,mse,r2,kge,nse,mkge,cc,alpha,beta
LE-train,0.5731073029708803,0.8671215677078582,44.66411587469591,1994.883246868263,0.1119270551930045,0.5030628549282493,0.4268926970291197,0.3940227041270883,0.6911024787927076,1.3359308194697548,0.6013255851753014
LE-test,0.42649889953234965,0.6823986429625497,41.70979412358093,1739.7069258315062,0.18981413626261356,0.617587869490198,0.5735011004676503,0.5588558517015815,0.7618453965206109,1.1191551929307852,0.6483004344370904
NEE-train,0.2723214622199061,15.483089300138477,2.7810076317002053,7.734003447574785,0.631056248695054,0.7818363139333424,0.7276785377800938,0.8201869158392655,0.8530643390147176,0.9215012922296495,0.9323197987251911
NEE-test,0.24407537600722734,-6.294956545028038,2.8493022453161534,8.118523285163674,0.6500886167772759,0.3996290628873638,0.7559246239927726,-0.07745199947287107,0.870833239357355,0.4373301215854583,1.9097369768444825
