,rse,mare,rmse,mse,r2,kge,nse,mkge,cc,alpha,beta
LE-train,0.25123812527954925,0.5040970891563049,29.572193706602956,874.5146406208474,0.6679352701983976,0.8125868934614915,0.7487618747204507,0.8086582627912362,0.865330129748833,1.006474041307766,0.8642289676192052
LE-test,0.2411965286560856,0.46979133885142643,31.36639557863547,983.8507715954427,0.7148481859319917,0.8486755329150666,0.7588034713439145,0.8548161970913573,0.8724149856291695,0.9868280378373344,0.9319786787264766
NEE-train,0.14473522962554966,11.202528727123553,2.0274416906886206,4.110519809142332,0.8316009987725906,0.5745399114507168,0.8552647703744504,0.28627444365315036,0.9248584955729879,0.5876254560441261,1.5776721904265865
NEE-test,0.11993632938438398,-4.311498863904004,1.997339603935813,3.98936549345047,0.8637907746652629,0.7563383346802959,0.880063670615616,0.681139176990179,0.9382177400833831,0.7725023735684228,1.214709121320205
