,rse,mare,rmse,mse,r2,kge,nse,mkge,cc,alpha,beta
LE-train,0.08856763439199995,0.26370604782848556,31.481152199569784,991.0629438124774,0.9045174494050436,0.9406611795093812,0.911432375424747,0.9338907684185285,0.9547525737600381,1.0106220232347485,0.9529864536399103
LE-test,0.1260819510249529,0.3048747109532991,38.34263192431618,1470.1574228835902,0.8404452071463122,0.8672225393074465,0.8739180543721576,0.8928613511294728,0.9363091985438612,0.9648063739418069,0.9213642538246575
NEE-train,0.1336208868493729,-2.889299638814047,3.694535912353791,13.649595607671857,0.8470526111044432,0.85323336786045,0.8663791130429506,0.79349407675924,0.9308460342262389,1.1117692641383694,0.8407201929143322
NEE-test,0.2062703628987562,1639.6602126766695,4.408068702340364,19.431069684552657,0.695997880083926,-116.26265386229095,0.7937296357411948,-116.26672603364443,0.8939004191974761,118.26247336382056,0.006965192932950368
