,rse,mare,rmse,mse,r2,kge,nse,mkge,cc,alpha,beta
LE-train,0.08856762178428153,0.26370604951685417,31.4811522080742,991.0629443479351,0.9045174493534558,0.9406611793666348,0.9114323782157184,0.9338907681038326,0.9547525732181994,1.010622023632294,0.9529864538086967
LE-test,0.1260819452131981,0.30487470350449414,38.3426319144912,1470.1574221301591,0.8404452072280815,0.867222539760059,0.873918054786802,0.892861351157141,0.9363091981427559,0.9648063744642493,0.9213642539534083
NEE-train,0.13362088730594526,-2.889299384765993,3.694535915959165,13.649595634312227,0.8470526108059308,0.8532333710071829,0.8663791126940548,0.7934940811949382,0.9308460347199339,1.1117692597914988,0.8407201954005888
NEE-test,0.206270361152468,1639.7014916209991,4.408068706920167,19.431069724928832,0.6959978794522345,-116.26270325805659,0.793729638847532,-116.26677542771831,0.8939004196578118,118.26252275966151,0.0069651900173772156
