,rse,mare,rmse,mse,r2,kge,nse,mkge,cc,alpha,beta
LE-train,0.4573316220886603,0.6928484382121906,39.89848323763839,1591.8889646641114,0.22513180885079398,0.649436076947993,0.5426683779113397,0.6421990105033945,0.737354476768397,1.0142694666712704,0.7574401939066057
LE-test,0.3205673867762053,0.5214675477935917,36.16086055056044,1307.6078357570784,0.32845953326036115,0.6255587138063968,0.6794326132237947,0.7121751716299639,0.8428387206467287,0.8586775244972197,0.8046249196646363
NEE-train,0.3997926184757845,18.4361787808346,3.36960218523752,11.35421888675747,0.39625657392802893,0.3700520603842493,0.6002073815242155,0.23157121843984063,0.775771427076777,1.558450547930842,0.5221534504356148
NEE-test,0.34701407067158685,-7.160775071056109,3.397426572453435,11.542507315212697,0.43778044385669146,-0.05734260356863663,0.6529859293284132,-43.776555172504565,0.810802156322095,-0.017951377333826214,-43.76458278913897
