,rse,mare,rmse,mse,r2,kge,nse,mkge,cc,alpha,beta
LE-train,0.7605009078979492,0.685941288185492,30.50333771072744,930.4536114946867,-0.6299156090561668,0.3895652107531773,0.23949901487887448,0.47285946808313906,0.5483791421302674,0.738797537747266,0.9245744417342046
LE-test,1.412447214126587,0.7706296888575063,26.277087856906068,690.4853462395603,-0.30979937438820304,0.3103576057986861,-0.4124471779546002,0.19907704432447137,0.3636499624737107,0.7369654051359216,1.4090831365052892
NEE-train,0.8851826786994934,-5.5124048100027165,2.051221499333292,4.207509639327118,-0.24519287445180105,0.43556705514200267,0.11481746374180024,0.4567990002035287,0.48990407146917847,0.8162047848026737,1.0329967990376867
NEE-test,1.4165796041488647,-7.13276551284599,1.985123843244474,3.940716673017711,-1.2299311501066956,-0.22146022778603047,-0.41657953874255527,-3.3862789451371524,0.1438772051249511,0.1527561812746849,5.217662226433094
