,rse,mare,rmse,mse,r2,kge,nse,mkge,cc,alpha,beta
LE-train,1.3586828715678707,0.9638156534907522,68.77012606713113,4729.330239289108,0.05961372198662407,0.385993911501187,-0.3586828715678707,0.4201679738260127,0.45772255237778714,1.2052633317534014,0.9972957413469111
LE-test,1.1820211354256398,0.7389984298209931,69.43712163504131,4821.5138609595215,0.07664768786388998,0.4679663536834302,-0.1820211354256398,0.45747117089531053,0.48545771308482155,0.9678851773188856,1.168974564801819
NEE-train,0.4359754959835424,19.967240922805942,3.518781384182535,12.381822429669556,0.2695893943343711,0.64495842834724,0.5640245040164575,0.5908285911013673,0.7513212480413051,1.1117891378331273,0.6949044267006091
NEE-test,0.40582905304403666,-7.97887265557401,3.6740757334653,13.498832495238581,0.28696001954955885,0.12997278816751834,0.5941709469559633,-1.9512768791455266,0.7725626532263117,0.19693631066577358,3.8307942669053867
