,rse,mare,rmse,mse,r2,kge,nse,mkge,cc,alpha,beta
LE-train,0.602344274520874,0.5277955460346476,82.09854792684193,6740.171571695962,0.4995584389710478,0.6756079094775933,0.397655830982503,0.6857838467778892,0.7349699917031375,1.159878736322331,0.9458735247790828
LE-test,0.25257378816604614,0.4657987312451429,54.26872402196644,2945.0944069723573,0.6558770920237964,0.7930856213967783,0.7474262095276627,0.7539991206450676,0.8655932132343589,1.0649488639313927,0.8044676666411488
NEE-train,0.7807186245918274,-6.639484733227101,8.930380967980545,79.75170423326914,-0.7775321988368122,-0.42895796614912074,0.21928137929623848,-2.5146899467937995,0.5049839671214511,-0.2973553491263651,-2.228757291494638
NEE-test,0.768410861492157,3103.3086839444904,8.507984504302247,72.38580032544715,-1.4440996162962407,-562.2759377347,0.23158911770230417,-562.2766523367429,0.49516439252829414,564.2755402066273,0.0009936789215810563
