,rse,mare,rmse,mse,r2,kge,nse,mkge,cc,alpha,beta
LE-train,0.5611650736034457,0.8638117391404748,44.19631770235394,1953.314498447404,0.1112137498660567,0.5058521292215765,0.4388349263965543,0.3961006297714128,0.696844558942474,1.3317955738257352,0.5966354934933513
LE-test,0.43810977877986823,0.6842754234392309,42.273729312481315,1787.068189984942,0.1766090222522826,0.6145091665296778,0.5618902212201318,0.5553574271358593,0.7538713535568566,1.1217378750828895,0.6502749697639422
NEE-train,0.27434094004396176,15.547105985592438,2.79130026438519,7.791357165956831,0.6300721628889827,0.7918680268276929,0.7256590599560382,0.8169146129349181,0.8519072390413965,0.9540376881502987,0.902653921507543
NEE-test,0.2450891025619637,-6.307120165219811,2.8552131660970677,8.15224222385404,0.6502453643725952,0.40433026301799835,0.7549108974380363,-0.06196069347861388,0.870136903362509,0.4419467455033451,1.8941323480173347
