,rse,mare,rmse,mse,r2,kge,nse,mkge,cc,alpha,beta
LE-train,0.6997474161944102,0.9180962534986884,49.35275737247041,2435.6946602659323,-0.227803636243066,0.43322545081127606,0.30025258380558983,0.3343216215206468,0.5987451168713253,1.316493579814417,0.5734392935623935
LE-test,0.5266606048670973,0.7346235836753395,46.3494415185269,2148.2707290793455,-0.16820846028945002,0.5367297574232703,0.4733393951329027,0.48845872997945905,0.6915861136821055,1.1074547372450811,0.6062883985655091
NEE-train,0.744465764787028,26.194464391819857,4.598155043285325,21.14302980209027,-0.4688658528204581,-4.322583073592486,0.255534235212972,-4.441126049748384,0.5462601689101867,-4.295377300354997,-0.1657410097521902
NEE-test,0.6862166432229239,-9.814789006138323,4.777571115059233,22.825185759448324,-0.34625303197665125,-0.4915872244711659,0.31378335677707614,-0.6238980484537151,0.5817553875002474,2.40288231838933,0.29712197598922274
