,rse,mare,rmse,mse,r2,kge,nse,mkge,cc,alpha,beta
LE-train,0.8989458426420017,0.9719916062329991,55.93807725407176,3129.0684868825,-0.4350820297339961,0.377960962253591,0.10105415735799828,0.30649160481356463,0.4737725862277065,1.2579300464610674,0.6291756557058585
LE-test,0.702583264489863,0.7872262566692282,53.533789769896295,2865.8666471274532,-0.5146312304947818,0.4550622091376898,0.29741673551013703,0.44332352113175855,0.5591368054086555,1.029735360725864,0.6614085734954874
NEE-train,0.5305235854190765,22.116124669679984,3.8816251537628883,15.067013834324767,-0.49440209474678243,-0.9942229743080249,0.4694764145809235,-1.109043483810372,0.6936010746318179,2.928649117902193,0.20344699162497254
NEE-test,0.5248990580381772,-9.129187223598207,4.178442532094538,17.459381994016614,-0.5106173709048016,-0.6220529202788414,0.47510094196182284,-1.6127694995724906,0.705077112738411,-0.5412787282195651,-1.0890296384693663
