,rse,mare,rmse,mse,r2,kge,nse,mkge,cc,alpha,beta
LE-train,0.3555056137201953,0.5638247839582056,35.17742143376874,1237.4509787289726,0.5260735819355288,0.7208602198683522,0.6444943862798047,0.7538911349741081,0.8097596402997965,0.8457331201805321,1.024081295152789
LE-test,0.30744757899063624,0.48595327622461804,35.41315558822701,1254.0915887159742,0.5632456382810453,0.6796771944488708,0.6925524210093638,0.7092859270436167,0.8445484682392783,0.7708197178470729,1.088464070449191
NEE-train,0.23965587913981048,14.654224631481133,2.608887123116534,6.806292021163266,0.7025244849565945,0.8217995057644042,0.7603441208601895,0.782390385699319,0.8723435322862793,1.0704796492557065,0.8384748021894431
NEE-test,0.19177063985216888,-5.672112991862256,2.5256176008015023,6.378744265478336,0.7466692183524389,0.43856311656993263,0.8082293601478311,-0.0349469494432344,0.900102342255073,0.4630211162107236,1.879084367113508
