,rse,mare,rmse,mse,r2,kge,nse,mkge,cc,alpha,beta
LE-train,0.4800731837749481,0.8161284417024245,23.47542453292953,551.0955570012696,0.1015075583486088,0.6071034966212218,0.5199268238356203,0.5738190145282097,0.721889529658431,1.0681342934577176,0.6843379707359226
LE-test,0.38616085052490234,0.5451455939846523,30.962677284027254,958.6873845948173,-0.0015325015204463721,0.4665291036315129,0.6138391722964428,0.6201487166365034,0.8424835484081387,0.6592722167968127,0.9418610053041336
NEE-train,0.9711830019950867,4.496781931318103,0.8138310658669203,0.6623210037700876,-2.2307652439611716,-0.4152864473287856,0.028817050399743027,-3.6644094312802373,0.3234406893935381,-0.15812220372466756,-3.4674081751153722
NEE-test,0.750769853591919,-5.4319663870933885,1.167076502723912,1.3620675632102774,-4.198025168563256,-1.3113030592957187,0.24923010923868094,-1.5886845771478137,0.5771095229616473,-1.1860787707471192,-0.32042080129101064
