,rse,mare,rmse,mse,r2,kge,nse,mkge,cc,alpha,beta
LE-train,1.2997041996154877,1.0096978464161936,39.8767480623975,1590.155036031923,-17.217785794085657,-0.6006668600653715,-0.29970419961548767,-0.591105287851893,-0.42113360404611583,0.9267075247642539,0.2882250850479698
LE-test,1.750333124442512,0.9475346198072337,29.25172500703038,855.6634158869265,-6.1897600052992185,-0.560672777383052,-0.750333124442512,-0.5888615725909288,-0.46298884878115254,1.1967846707741023,0.41227513363271356
NEE-train,0.6086870814062443,-4.143845491736294,1.7009564032381352,2.893252685716814,-0.5981622017676236,0.4641369103767641,0.3913129185937557,0.455384736211644,0.6256113601644576,1.0200946094993273,0.6049871665598411
NEE-test,0.9491998798702761,-5.362851510944814,1.6249722902933812,2.640534944221317,-6.428373252948573,-0.5551443081501939,0.0508001201297239,-1.982832172163941,0.28073582368216604,-0.21995081912131698,-1.6251984326689113
