,rse,mare,rmse,mse,r2,kge,nse,mkge,cc,alpha,beta
LE-train,0.7784794569015503,0.6952494519436958,30.86178659456658,952.4498718085696,-0.6967207731765206,0.37617689240884844,0.22152049619612546,0.4594397552131311,0.5337244415042328,0.7399141504170876,0.9154551442118757
LE-test,1.4364715814590454,0.7800120284811659,26.499619459714925,702.229831509702,-0.3041266556987432,0.30632911213906144,-0.4364715329487834,0.19618855703802762,0.356883075789765,0.7447977538386207,1.4091274510286027
NEE-train,0.8315117359161377,-5.249441822460327,1.9880638545671585,3.952397889836428,-0.5169358418631314,0.35902007198256425,0.1684882773111186,0.4133401903317515,0.4846184448620299,0.7210179567123439,1.0268440761919149
NEE-test,1.3198314905166626,-6.806107529619762,1.9161362376185522,3.6715780811149807,-1.5608222498774458,-0.15899492356722078,-0.31983159820019846,-0.9711977172894581,0.14165845111012298,0.27409104737976464,2.6192363689722047
