,rse,mare,rmse,mse,r2,kge,nse,mkge,cc,alpha,beta
LE-train,0.18787514157761892,0.4671964643109171,14.68569141883191,215.6695324491532,0.7693889540811845,0.8612215262379068,0.812124858422381,0.8594949037805555,0.901181800505009,1.0027159017643095,0.9001537712789806
LE-test,0.207853767435999,0.4277116313970376,22.716077541547513,516.0201788735993,0.7555855513621803,0.8651590533511595,0.792146232564001,0.8581420363012312,0.8906220940693781,1.0127491370259085,0.910570614090849
NEE-train,0.4293918236286569,2.7867109179838208,0.5411412287641787,0.2928338294684052,0.23166440798464194,0.6369743235230514,0.5706081763713431,0.6844544794569308,0.7555314922397367,0.9088874882195906,0.8225101849532449
NEE-test,0.4965529938364521,-4.702540058063831,0.9491365713485217,0.9008602310712274,-0.013159376023662572,-0.7593429342923323,0.5034470061635479,-1.6337848066927312,0.729318661607296,-0.7123269368672354,-0.9827986489531086
