,rse,mare,rmse,mse,r2,kge,nse,mkge,cc,alpha,beta
LE-train,0.39992256782061975,0.6159867461736124,37.31029873845187,1392.0583919525232,0.42900582354509165,0.7000316674155209,0.6000774321793803,0.7440044691703109,0.7799845110934571,0.8776412529593967,0.9535755078795376
LE-test,0.3274222674696345,0.5058367512718179,36.545439962294225,1335.5691820376517,0.43565161983558653,0.6170565900614826,0.6725777325303655,0.6996165337581939,0.838860151871244,0.7472356902140467,1.019348897511598
NEE-train,0.2354656204820565,14.414090329003388,2.5859790288892035,6.687287537854748,0.6948579962754436,0.8181248669632434,0.7645343795179436,0.8452687592126558,0.8743867604449302,0.9497668875963919,0.9249020283741415
NEE-test,0.1902664816349714,-5.586204646908169,2.5156932268762016,6.328712411750796,0.7294576207754178,0.25775274896369815,0.8097335183650286,-1.102538355174509,0.9032090729123824,0.2820042347015568,2.973773323466236
