,rse,mare,rmse,mse,r2,kge,nse,mkge,cc,alpha,beta
LE-train,0.2365283122463241,0.542287283173869,16.477878809790415,271.52049007014,0.6821224906320587,0.8130638248806372,0.7634716877536759,0.8209543079617346,0.8738627773144606,0.987470760120934,0.8735493019446202
LE-test,0.26743750356744683,0.49055337598242793,25.767100238903932,663.9434547217231,0.5821740201786958,0.7503936520796283,0.7325624964325532,0.7811855292146754,0.8584226821473134,0.9522876590824871,0.8401276502365964
NEE-train,0.4101602174200067,2.7437670887640944,0.5288840935022995,0.27971838435974905,0.2776547196890975,0.6607261278989096,0.5898397825799933,0.6743391147813418,0.76815691342447,0.9752748550879546,0.7726402353590025
NEE-test,0.46414656750985733,-4.4313294406143635,0.9176424099171141,0.8420675924784888,-0.16421255042145866,-1.1683049703165174,0.5358534324901427,-1.6464357932536617,0.7736912768274508,-1.1247287341626804,-0.5613886690550831
