,rse,mare,rmse,mse,r2,kge,nse,mkge,cc,alpha,beta
LE-train,0.5572737427933957,0.8617472993820123,44.04281413716791,1939.7694771211175,0.10202952959437883,0.5056148165948048,0.4427262572066043,0.39566598954838583,0.6981000781621398,1.3289901498861183,0.5927635641783325
LE-test,0.4348802833991135,0.6816302884162815,42.11763220642011,1773.8949426752768,0.1707404096240911,0.6127174757055188,0.5651197166008866,0.5539893168598592,0.7562022281288104,1.1202803524530587,0.6464171770015595
NEE-train,0.27671456588719584,15.634144136809764,2.8033495651123412,7.8587687842155525,0.6319980410103221,0.7976765901775005,0.7232854341128041,0.7795881164509934,0.8506226567605213,1.0311497510647818,0.8409481193291385
NEE-test,0.24595962775952807,-6.326527134524142,2.8602793477729356,8.18119794729637,0.6533759994128467,0.3937122738901243,0.7540403722404719,-0.12629539963360892,0.8694611434734474,0.4293012900252323,1.9621870486582673
