,rse,mare,rmse,mse,r2,kge,nse,mkge,cc,alpha,beta
LE-train,0.9661586880683899,0.6917922035701325,34.38125516200132,1182.070706514642,-5.63253006930574,0.023326845302022003,0.03384120854439421,0.23646797722290347,0.5064166568566747,0.4273480362057929,0.8931058395412494
LE-test,1.3118518590927124,0.6779332059420261,25.324070943528433,641.3085691528611,-2.4711353039700703,0.08284942143903828,-0.31185184976220137,0.0716882330087093,0.38821832370937326,0.43565999747315204,1.411103732453891
NEE-train,0.7694554328918457,-4.872556198154712,1.9124402561359402,3.6574277332893006,-1.4613699683262298,0.21681335862228635,0.23054456563245007,0.3483268441527042,0.4874444365408654,0.6046634531313191,0.9246759591563871
NEE-test,1.1680874824523926,-6.241199307678912,1.8026226790719222,3.249448523104434,-2.664048484452889,-0.06980480953460466,-0.1680876023248854,0.021989883498125473,0.13620938360996437,0.5430608732864812,1.0397013034398028
