,rse,mare,rmse,mse,r2,kge,nse,mkge,cc,alpha,beta
LE-train,0.07648091502580888,0.23402608504830028,29.254294840839798,855.813766634786,0.9161818178996182,0.9403252217361147,0.9235190934512583,0.9446085041828275,0.961025201525156,0.9938697543572725,0.9611206612573084
LE-test,0.11806722039060528,0.2812093938426858,37.10394860200865,1376.7030018604996,0.8354693486691502,0.82134180603409,0.8819327846634237,0.8747208534949495,0.9454699802818624,0.9253626412365481,0.9154387430593113
NEE-train,0.13636822930699244,-2.926570981071832,3.7323238343595047,13.930241204528036,0.8408077549332413,0.8949267249044159,0.8636317705831171,0.9087184457837115,0.929327357587738,0.9776030473200894,0.9467451761315128
NEE-test,0.20799862999472588,1665.5032284541564,4.426497013329676,19.593875809016545,0.6937007985578726,-168.3023938957719,0.7920013686338297,-168.3052272340259,0.8930885244658856,170.3022687174326,0.0048387910591006465
