,rse,mare,rmse,mse,r2,kge,nse,mkge,cc,alpha,beta
LE-train,0.07648090403133162,0.23402608629075786,29.254294828217613,855.8137658962798,0.9161818179719473,0.9403252219147857,0.9235190959686683,0.9446085040543397,0.9610252011112449,0.9938697547482281,0.9611206614275355
LE-test,0.11806721491895526,0.28120938675709756,37.10394858789169,1376.70300081291,0.8354693487943483,0.8213418066080111,0.8819327850810448,0.8747208536954931,0.9454699798583718,0.9253626417376318,0.9154387431872341
NEE-train,0.1363682297767673,-2.926570723976113,3.7323238380539623,13.93024123210586,0.840807754618087,0.8949267237766931,0.8636317702232327,0.9087184468382075,0.9293273580512953,0.9776030434977909,0.9467451789313165
NEE-test,0.20799862825656845,1665.5451580636602,4.426497018170833,19.59387585187528,0.6937007978878881,-168.30246502752988,0.7920013717434315,-168.30529836460457,0.8930885247386848,170.30233984924254,0.004838789033622037
