,rse,mare,rmse,mse,r2,kge,nse,mkge,cc,alpha,beta
LE-train,1.1992934408436036,0.9630610404618289,64.61055914590305,4174.5243531462365,0.006130548004907088,0.38125970446235147,-0.19929344084360356,0.3682850140959135,0.47325150103699976,1.309312657774651,0.8389859571453225
LE-test,0.8144119216599439,0.7381954641261387,57.636971094686224,3322.0204369696953,0.03574286711650687,0.5473233663847352,0.18558807834005608,0.5303739296856107,0.561848118482099,1.079884491707092,0.8510367742496205
NEE-train,0.46168957467066346,20.77600986017255,3.6210646561976234,13.112109244363612,0.15802604194882042,0.44442128048041873,0.5383104253293365,0.44361555169059685,0.7337909819641502,0.5871310256052443,1.2612194920352806
NEE-test,0.4357434380699006,-8.344942015719308,3.8070796644107667,14.493855571169997,0.17889349497364204,0.26631005142987685,0.5642565619300994,-0.20714663883942608,0.7525336688025928,0.36491223632091524,1.996306657114223
