,rse,mare,rmse,mse,r2,kge,nse,mkge,cc,alpha,beta
LE-train,2.9672842025756836,1.3814926520465038,60.25277880643425,3630.397353897092,0.10374414122033115,-0.23354011884377934,-1.9672846984651984,0.07727421608029061,0.46743949680551494,1.7525563141886624,1.0382253413621665
LE-test,9.644600868225098,1.8392958076894066,68.66466078247392,4714.835640372212,-0.013999212211909473,-1.3842830084939224,-8.644601918102165,-0.29890354827351917,0.32637533003102115,1.9421849684089443,1.5879351299513913
NEE-train,0.7907463908195496,-5.024819866424281,1.9387183824529228,3.7586289664608774,-1.5245703256486722,-0.16712009608335898,0.2092536900480031,-8.36632434170413,0.4765949078795869,0.05431622092648323,10.303749833993763
NEE-test,1.1569105386734009,-6.326941764638166,1.7939775927061699,3.2183556031318243,-3.5633165386122867,-0.7230479153994616,-0.1569105505630719,-1.800454559235288,0.12482223847518457,-0.39873421105998774,-1.2627753381377742
