,rse,mare,rmse,mse,r2,kge,nse,mkge,cc,alpha,beta
LE-train,0.3467935621738434,0.6637660090193833,19.9524054698461,398.09848403314453,0.5265132201779339,0.7610591802063986,0.6532064154246557,0.7638453421838249,0.8095400920529869,0.9945775784234631,0.8604842545898982
LE-test,0.25338637828826904,0.4498236802981828,25.08106794242221,629.059969132399,0.6354618164960493,0.6967536110485268,0.7466136279054,0.7366796172455417,0.8764950076284015,0.778514603300974,1.070910929216313
NEE-train,2.1476855278015137,5.8075828084342005,1.2102331655988228,1.4646643151153476,0.2206512490028537,-2.1223977696729306,-1.1476851883467418,-2.555011514389427,0.5359255862226193,-2.0163464135519122,-0.8232926587279137
NEE-test,1.4140353202819824,-7.733479003757583,1.6016811088486902,2.5653823744427697,0.4822429916285933,-3.2466341201720432,-0.41403546860918183,-3.251172662421424,0.7510079464729272,5.188797052438444,0.3184934215411903
