,rse,mare,rmse,mse,r2,kge,nse,mkge,cc,alpha,beta
LE-train,0.21102356522263985,0.49397354016464445,15.564143132111093,242.2425514368409,0.7242104156958585,0.8316607286609782,0.7889764347773601,0.840463015018251,0.8883733423272259,0.9863507668152958,0.8868397715301809
LE-test,0.2460376178990427,0.46795573532162765,24.714688948788062,610.8158498353467,0.6795551456853391,0.8158473389130942,0.7539623821009573,0.836389225528918,0.8686557167996771,0.9633276783202545,0.9095991946040419
NEE-train,0.3839285008125573,2.66989193050039,0.5116923389230009,0.26182904971249127,0.36817070489295867,0.689925408399851,0.6160714991874428,0.6702290745314561,0.7849362928451709,1.0357892246167621,0.752582141811605
NEE-test,0.46587931959731677,-4.704686162254676,0.9193536857137176,0.845211199435397,0.19244137458783261,-0.8682652541914808,0.5341206804026832,-1.6598389294695854,0.7522707958627127,-0.8360891805650358,-0.9084417447623155
