,rse,mare,rmse,mse,r2,kge,nse,mkge,cc,alpha,beta
LE-train,0.07848620910445842,0.23568608880285744,29.635330371119228,878.2528062053817,0.914322713821236,0.9413252622846678,0.9215137995948736,0.9409483717944109,0.9599593878762394,1.0005375512169006,0.9566000551477898
LE-test,0.11834736715119594,0.2817386310923831,37.14794215202814,1379.9696061304294,0.8376595253580926,0.8203402453994428,0.8816526379148252,0.8780752105159212,0.945123859778675,0.9111327288974512,0.9370963303778508
NEE-train,0.13646838117278742,-2.913837828737749,3.7336941336998932,13.940471884024996,0.8402679995428284,0.8963841044441874,0.8635316187172415,0.8946750402512389,0.9292772899638585,1.0025199975627284,0.9219916988807868
NEE-test,0.225339478462831,1705.1578336209564,4.6073221602345535,21.227417488188394,0.6527957069505459,-186.4206262658952,0.7746605200513873,-186.42317047364236,0.8842352583048549,188.42048970657794,0.00427560886749186
