,rse,mare,rmse,mse,r2,kge,nse,mkge,cc,alpha,beta
LE-train,1.399671520522879,0.975800824154499,69.80020928635862,4872.069216419464,0.029779012665636984,0.344787610217561,-0.3996715205228789,0.37295803675139194,0.445642717840049,1.2855725252453736,0.9342888120950338
LE-test,0.7857197499861326,0.7278837826101218,56.61257690237775,3204.983863527634,0.06545243076040974,0.5640306196763211,0.2142802500138674,0.5515892300488537,0.5760456163647747,1.0585686366352536,0.8661918761534126
NEE-train,0.406285931617921,19.06014145129104,3.396856008513905,11.538630742577018,0.3491195890303521,0.5444390555312209,0.593714068382079,0.42608037949428423,0.770808706314698,1.333071023119982,0.5926687155912392
NEE-test,0.36967957333405194,-7.54521520244359,3.5066245092132915,12.296415448615358,0.37056059713838163,0.10006994064013519,0.6303204266659481,-3.033332946290294,0.7961218457309129,0.15517896530963624,4.93858931258227
