,rse,mare,rmse,mse,r2,kge,nse,mkge,cc,alpha,beta
LE-train,0.3638891992615655,0.5804210230600413,35.58978405756515,1266.6327292641183,0.471220517991248,0.7099186443548422,0.6361108007384345,0.759612542812672,0.8013685713250156,0.874929549152572,0.9481437810832188
LE-test,0.29368133441255234,0.47584872126742334,34.61124815497559,1197.9384988453012,0.530053430504968,0.6634495107829208,0.7063186655874476,0.7362935362523205,0.8539709402808836,0.7807725153568652,1.0124869018135407
NEE-train,0.25491353328512695,15.105763379910812,2.6906529951885427,7.239613540517076,0.6999266460421273,0.8088507138506613,0.7450864667148731,0.75649905684956,0.8650441648153033,1.1104164973501858,0.8300358008942141
NEE-test,0.19801964674530212,-5.778841167199905,2.566437411878498,6.586600989089604,0.747673441394272,0.42197012607377093,0.8019803532546979,-0.14941163259533918,0.8962252686686533,0.4429318500589032,2.0000264909510115
