,rse,mare,rmse,mse,r2,kge,nse,mkge,cc,alpha,beta
LE-train,0.2321945020313357,0.5157976303045199,16.32622224173497,266.54553268652165,0.6885681629042247,0.8157833062677183,0.7678054979686643,0.8166955336775217,0.8763399831356423,0.9985736985799679,0.8646977706497982
LE-test,0.2627974057953038,0.4859279770676047,25.542589807257237,652.4238940618013,0.6214564928146977,0.7807625016462655,0.7372025942046962,0.7932187734780324,0.8590861895228329,0.9802947056558963,0.8499550899445552
NEE-train,0.389695420593522,2.6884130658047787,0.5155210334927208,0.265761935973403,0.35472607908819276,0.6869017495646426,0.610304579406478,0.6992909971490097,0.7812367731766012,0.9776466689413972,0.7948929948148148
NEE-test,0.4391329765562843,-4.377074231720959,0.8925733813665575,0.7966872411241301,0.12030245651712912,-0.5405928559445943,0.5608670234437156,-1.8623390455619475,0.7650526517217306,-0.49402213722000904,-1.4301609841288385
