,rse,mare,rmse,mse,r2,kge,nse,mkge,cc,alpha,beta
LE-train,0.3306211523365342,0.461684203267676,20.11234874411077,404.506572004734,0.5004119757533761,0.7395170651116956,0.6693788476634658,0.741276762579056,0.8181726078424632,0.9969780759852414,0.815969075919256
LE-test,0.8534338266788187,0.5320565269114125,20.425657833145532,417.20749791673944,-1.2735502379377035,0.3146832402905455,0.14656617332118127,0.42101800219234975,0.5207556029453653,0.7000567824819198,0.8751840236909584
NEE-train,0.6471064580200321,-4.276664411089823,1.7538159168786018,3.075870270296731,-0.8125208039255412,0.4186518296124567,0.3528935419799679,0.4653357948853677,0.5941743979797305,0.8938190573969509,0.6684928350643453
NEE-test,1.1175570748364714,-6.046234411031262,1.7632016291317851,3.1088799849729813,-4.652560212518295,-1.2423548568391904,-0.11755707483647138,-1.6083977172579185,0.15715437827598766,-1.0023351547160144,-0.4436079237540143
