,rse,mare,rmse,mse,r2,kge,nse,mkge,cc,alpha,beta
LE-train,0.5332435965538025,0.8742053300876674,24.741302291733493,612.132039090937,-0.11733195750407721,0.5303119583002338,0.4667564118327898,0.4602875313829241,0.6880567081689681,1.1664712047396146,0.5922399364149316
LE-test,0.48248475790023804,0.5808620494082398,34.60956825901401,1197.8222150753502,-0.5621201641407918,0.4056819797766307,0.5175152761494823,0.569852513145171,0.7829671613494775,0.6702146442651232,0.8292217035521131
NEE-train,1.2970401048660278,5.1266660646264,0.9405034838663368,0.8845468031647168,-0.036272419291485614,-0.3742595721514619,-0.2970399073365231,-4.656802891414842,0.43975904573948976,-0.24924530774638265,-4.488618695679473
NEE-test,0.8763683438301086,-5.940346081134277,1.2609250109667878,1.5899318832815938,-0.014542830508474713,-1.1446954607806368,0.12363158879147318,-1.8299108310208378,0.5534776016505003,-1.0965098781122324,-0.8476091010489999
