,rse,mare,rmse,mse,r2,kge,nse,mkge,cc,alpha,beta
LE-train,0.8142717786841221,0.9540388281141672,53.238457233800126,2834.333328635165,-0.41199792183835093,0.3951896781918328,0.18572822131587785,0.31291725180554997,0.5190194449709786,1.2766991248123887,0.5948111515867314
LE-test,0.6206840785908561,0.7697754928077702,50.31695964340432,2531.7964277559786,-0.4931176706903664,0.4751746146028739,0.37931592140914394,0.45250321317603936,0.6174042879505159,1.0534453922111213,0.6120349980277743
NEE-train,0.5334949664204873,22.26410800635144,3.8924801683931363,15.15140186133386,-0.45912628284073675,-1.403928376923591,0.4665050335795127,-1.5088344908196656,0.6906003025128991,3.350927049226577,0.18044869670283614
NEE-test,0.5290062659015596,-9.210481543330808,4.19475832736046,17.595997424959922,-0.47216390783242934,-0.7347082840011878,0.47099373409844036,-1.546425771280541,0.7009776308628952,-0.6611313745907802,-0.9067019661571329
