,rse,mare,rmse,mse,r2,kge,nse,mkge,cc,alpha,beta
LE-train,0.799879789352417,0.6982212916959875,31.283105254223052,978.6326743467979,-0.9911154728978604,0.3329073762107473,0.200120130957532,0.4260229959189782,0.5101051225975355,0.7336808878795842,0.863887029170461
LE-test,1.3911347389221191,0.763133977037801,26.078085472647135,680.0665419186896,-0.4027425406364027,0.2955934012604391,-0.3911346173900352,0.2149821722130585,0.3455165724368338,0.739571683056479,1.3465278123361284
NEE-train,0.8104293346405029,-5.139289394448769,1.9626990241426814,3.852187459370634,-0.9144354150075547,0.2448773481973393,0.18957070625438865,0.3220401176019878,0.47260406137662364,0.5876801829942345,1.1071237348537957
NEE-test,1.253205418586731,-6.571969219138402,1.8671458933996665,3.486233787239239,-1.9315903693724361,-0.14390969169699308,-0.2532054090796283,-0.4589472950916751,0.1383494610643911,0.3319816709704344,1.969451943464882
