,rse,mare,rmse,mse,r2,kge,nse,mkge,cc,alpha,beta
LE-train,0.7919377088546753,0.7006486404070602,31.12741022929986,968.9156675831215,-0.8038052407106928,0.3594572409494792,0.20806227135541133,0.4446957963866097,0.5195880897135494,0.7437582226318565,0.8908793945359548
LE-test,1.4294157028198242,0.7777311232744989,26.434458662960896,698.7806048037884,-0.32680756542947553,0.3034691567097243,-0.42941584298602664,0.20553061419752372,0.3510065326892619,0.7499546268814884,1.3840135358908254
NEE-train,0.8187767267227173,-5.180827881845792,1.972781034717129,3.8918650109395863,-0.73769887618648,0.2966502079918033,0.1812232801660344,0.3680046028064041,0.4763118893445946,0.6505363776196486,1.0551735576600423
NEE-test,1.2844977378845215,-6.684997162034254,1.8903133240690784,3.5732844631530885,-1.7383361086227311,-0.1196723611235102,-0.2844977390199175,-0.41353842965446175,0.13923955088449205,0.3569869426709404,1.9185404451916128
