,rse,mare,rmse,mse,r2,kge,nse,mkge,cc,alpha,beta
LE-train,0.4236789643764496,0.6442060394476147,38.40247497305206,1474.7500840558896,0.25544280756832993,0.6535271475709858,0.5763210408980153,0.6770190485489875,0.7596000395618736,0.9563606674022637,0.7887651480650679
LE-test,0.31315502524375916,0.49157564642272955,35.74034724749893,1277.3724213718044,0.3670171367917603,0.6252077613261877,0.6868450034224001,0.7256359514504607,0.8481743205377384,0.8284521388367448,0.8490168038401985
NEE-train,0.4008612632751465,18.59812292528212,3.3741027626120697,11.384569452666401,0.4177391893991188,0.24381478357222552,0.5991387016474419,0.10253069217420985,0.7760728563485735,1.7019129634687422,0.4875295281287473
NEE-test,0.35880935192108154,-7.352597213558454,3.4546844918513884,11.934844938238486,0.4521743394856632,-0.12097291379716335,0.6411906848657339,-9.360655574732313,0.8034525861893523,-0.08700675987724231,-9.30160032986804
