,rse,mare,rmse,mse,r2,kge,nse,mkge,cc,alpha,beta
LE-train,1.5260245523142404,0.9779625498753655,72.88220959021376,5311.816474751847,0.07210383012424304,0.3565362589435511,-0.5260245523142404,0.40815593897478897,0.4386459933878019,1.1384373366300102,1.1264759884643534
LE-test,1.0848136592469757,0.749281936121713,66.52067710515765,4425.000482528644,0.09621856451471478,0.4956445784508938,-0.0848136592469757,0.47299472825708744,0.510010181212362,0.9282505794824204,1.180268007657128
NEE-train,0.4464734145664229,20.28492332542987,3.5608940123288906,12.679966167039746,0.23300037951495933,0.6494341558465009,0.5535265854335771,0.6310411695932123,0.7442298117709871,1.0358995237358186,0.7365166920960999
NEE-test,0.41778893681468837,-8.12485325684462,3.727820605605758,13.89664646757888,0.2510686408872378,0.13411252330136625,0.5822110631853117,-1.7522642417732937,0.7647415278222107,0.20605377314224513,3.6247402341319095
