,rse,mare,rmse,mse,r2,kge,nse,mkge,cc,alpha,beta
LE-train,0.48630228638648987,0.4792182305924312,73.76770238494628,5441.673915154009,0.5628182870355913,0.7067714866211164,0.5136977571532528,0.6920156206723729,0.7779922795731158,1.1835899065377615,0.8910885855470692
LE-test,0.22186122834682465,0.42562466047557157,50.86232188830788,2586.975787869843,0.6858442436436127,0.793681754046225,0.778138765584033,0.75480085092799,0.8840561176515331,1.060341123594541,0.7925425642331637
NEE-train,0.5648587346076965,-7.184598425974167,7.596134415688635,57.701258061209316,0.5659834618468609,-5.3298042846686355,0.43514126701725375,-5.384311482119436,0.874146921317598,7.326986115639249,0.1557010033072393
NEE-test,0.44894930720329285,3169.854795338911,6.503221892966227,42.29189498915524,0.4124210561737828,-2360.0056198151156,0.5510507282291689,-2360.0058283898584,0.8457505850956966,-2360.0056114200775,-0.0003703842278010003
