,rse,mare,rmse,mse,r2,kge,nse,mkge,cc,alpha,beta
LE-train,6.682882785797119,0.5306419317971491,273.4607740475115,74780.79494266414,0.08383783708513681,-0.8461780069524747,-5.6828826698358,-0.5061214827614824,0.30051333912782796,1.1621724285137125,2.323941250784003
LE-test,0.23869188129901886,0.4564832833231266,52.75629450712654,2783.22661012267,0.6714868922904234,0.7906662380501752,0.7613081288674782,0.7428711562950838,0.8742802838588298,1.0789229832459264,0.790045343100054
NEE-train,0.5144796967506409,-5.486511503054587,7.249479810038501,52.554957516155866,0.14209883497818088,0.4937292488524371,0.4855202865239626,0.514278431941167,0.7011645666952648,0.6592475939775556,1.1746729036485568
NEE-test,0.5990457534790039,2816.941759660349,7.512075153104972,56.431273105897084,-0.5717228477852108,-360.3380272003336,0.40095427333086187,-360.3392036393405,0.6365132226444145,362.33764178237834,0.0017038389825203188
