,rse,mare,rmse,mse,r2,kge,nse,mkge,cc,alpha,beta
LE-train,0.7656709551811218,0.6886888068494886,30.606846738298692,936.7790672617053,-0.44326099629031357,0.41752556100263893,0.23432893946326083,0.48440187797434353,0.5538330287105918,0.7422684052279126,0.9812681495026075
LE-test,1.4794631004333496,0.7869034936156412,26.89324386461662,723.2465655617394,-0.19292468139555607,0.32034461300170614,-0.47946307051477244,0.1781572038359599,0.3764690713049918,0.754589825441242,1.4758241364101958
NEE-train,1.2279052734375,-6.551366220902613,2.4158977732524707,5.836562050806246,0.031977971008948725,-0.9076112362168576,-0.22790516054225085,-0.9964116929378752,0.48024411109205273,2.8310904113277346,0.3978194878707794
NEE-test,2.0384116172790527,-8.480778014651966,2.381294228746771,5.670562203862678,-0.5302468798455962,-0.6163392219395938,-1.0384115524365836,-0.688107830160468,0.13912173745771964,2.359292640841794,0.4891965349720014
