,rse,mare,rmse,mse,r2,kge,nse,mkge,cc,alpha,beta
LE-train,0.6531820501572086,0.8877951665802918,47.682376327501025,2273.6090122374303,0.05447640843157142,0.49582853220759415,0.34681794984279135,0.39911934795618675,0.644382605896016,1.3149854000743282,0.6320624716731041
LE-test,0.4653838251260754,0.7004983989058465,43.56971621033167,1898.3201706488383,0.08941504801971534,0.601642649733892,0.5346161748739247,0.5629393270619504,0.7330519531417324,1.0783926836173063,0.6629312247287004
NEE-train,0.25587443201134996,14.895319076282973,2.6957194448187254,7.266903325173777,0.6662252639986438,0.5245173029708079,0.74412556798865,0.2777572316872904,0.8627829032795585,0.5620840803368417,1.5577057755243258
NEE-test,0.22216161856494168,-5.973368825533655,2.7183855452653547,7.38961997270762,0.6910436234000966,0.4689796973521778,0.7778383814350583,0.15086006972600574,0.8831594713691993,0.504802095179046,1.6798278805079534
