,rse,mare,rmse,mse,r2,kge,nse,mkge,cc,alpha,beta
LE-train,0.5957906027695813,0.8808257125760406,45.53943045212329,2073.8397259037743,0.0957200272813653,0.502146900890857,0.4042093972304187,0.3967150415818016,0.6773877640047884,1.3291231355487085,0.610703136557198
LE-test,0.4477114928714462,0.6930336658551801,42.7344589889052,1826.2339850744206,0.14811753881349932,0.6133340310996045,0.5522885071285538,0.5656589383647657,0.7459152102952349,1.0964371143255078,0.6611889015340898
NEE-train,0.26074442637890577,15.087618644893912,2.7212520072849005,7.4052124871521,0.6550048267600286,0.6218073412097802,0.7392555736210942,0.5416610565336354,0.8598859606444377,0.6739146716426183,1.2900189678338123
NEE-test,0.23032066077527374,-6.1029647746406965,2.7678527743897274,7.661008980696911,0.6759475401415186,0.4344262212691462,0.7696793392247263,0.039245667613150736,0.8786165495045017,0.4703682614673606,1.792341571978147
