,rse,mare,rmse,mse,r2,kge,nse,mkge,cc,alpha,beta
LE-train,0.9215226173400879,0.6839392772129537,33.5776657364419,1127.4596363082244,-3.289467580705045,0.09324352606608699,0.07847725721723742,0.2670910201022789,0.5297828014578242,0.44029235575522024,1.0527134895811812
LE-test,1.4287375211715698,0.7036678325687941,26.42818566161604,698.4489973648477,-1.6921957635239764,0.09907618666852547,-0.42873751144159744,-0.09260812159729914,0.3530221598432784,0.4348760073445061,1.6751644648910629
NEE-train,0.7349541187286377,-4.6551555707702565,1.8690728736872595,3.4934334071535504,-0.8936220472317891,0.28781931822768403,0.26504595148406096,0.3957750552407461,0.5255971517615559,0.6258218405830753,0.9954804349835711
NEE-test,1.0636368989944458,-5.846948196151971,1.7201401659806885,2.958882190620071,-3.53411320758016,-0.35809721922029136,-0.06363697686806602,-10.479928355762285,0.19064817145975432,0.039025170949326296,12.410969811939935
