,rse,mare,rmse,mse,r2,kge,nse,mkge,cc,alpha,beta
LE-train,0.6590556580303504,0.8925361516707377,47.896283601247355,2294.0539828111164,0.08627330324492677,0.48032007651795416,0.3409443419696496,0.3785851104633914,0.650238981714047,1.3535804139051324,0.627435125208986
LE-test,0.44560707749289163,0.6920282660005534,42.633906534019786,1817.649986351535,0.16843832670648162,0.6155830668981157,0.5543929225071084,0.5611149298761349,0.7480405412221997,1.1117355080868,0.6584568663512432
NEE-train,0.2648710268387519,15.231938715303176,2.7427010519486585,7.522409060360278,0.646908992814115,0.6830838023650487,0.735128973161248,0.674139669352497,0.8574602189583604,0.7506163457898568,1.1538673419640997
NEE-test,0.23558760173340162,-6.177841446376102,2.7993213235680927,7.836199872583018,0.6667945147476808,0.4189371619509219,0.7644123982665983,-0.015016830758743716,0.875616306931779,0.4551743471439043,1.84732099679647
