,rse,mare,rmse,mse,r2,kge,nse,mkge,cc,alpha,beta
LE-train,0.7328782081604004,0.6706261456857119,29.944246721949423,896.6579117449787,-0.49983247318262647,0.4152186374600828,0.2671217384999085,0.49549763597147345,0.5709915112845608,0.7405066767996219,0.9439860094718208
LE-test,1.3853974342346191,0.757904552089287,26.024255544142058,677.2618766268087,-0.31061560835471913,0.31608029513931024,-0.3853974332510832,0.2022046062921784,0.3730055624645581,0.7282783712090611,1.4117314925630928
NEE-train,1.056054711341858,-6.182903479361849,2.240471058527001,5.0197105640971,0.03557636275261189,0.4939415489474194,-0.056054652110113734,0.49168858929427994,0.49643219567292524,0.981050662487789,1.066639922769286
NEE-test,1.6467125415802002,-7.822968141916607,2.1403068241045795,4.580913301308631,-0.8262254507514113,-0.40260896832384296,-0.6467126641759084,-8.741858217323326,0.14390759919174984,-0.10989890815490261,-8.640489185792646
