,rse,mare,rmse,mse,r2,kge,nse,mkge,cc,alpha,beta
LE-train,0.6742717623710632,0.9102386398965157,27.82128728241233,774.0240260505182,-0.8067960883010417,0.42012004270159453,0.32572823733950607,0.43917474148491653,0.5724505718267924,0.9546623637339341,0.6399014637698742
LE-test,0.6716559529304504,0.6859685174285152,40.8345581172655,1667.4611366323338,-2.84525309851112,0.174034725000216,0.3283439596343499,0.40057931899877774,0.7332564352199152,0.4782056400156355,0.87396956975044
NEE-train,0.951846718788147,4.3591498816165055,0.8056886494726997,0.6491341998891428,-8.121936683963657,-0.6054292461403765,0.04815329221601772,-1.6470455505758328,0.28280351914643354,-0.2667837147767433,-1.2108230084407503
NEE-test,0.8606629967689514,-5.745522386221788,1.2495754146959843,1.5614387170126411,-15.374984313088184,-1.065954494446577,0.1393369854288965,-1.2996685464916813,0.4885826644320981,-0.8473165236240732,-0.27057049948015843
