,rse,mare,rmse,mse,r2,kge,nse,mkge,cc,alpha,beta
LE-train,0.35405098886687925,0.5624520965654767,35.10537981193343,1232.3876917401033,0.5356428978428522,0.7268958998115758,0.6459490111331208,0.7564827492848709,0.8108728487130655,0.8492186071729728,1.028223104348844
LE-test,0.30608453206141023,0.4852598439354913,35.334567537162584,1248.531663038304,0.5722937036254168,0.6861506682147958,0.6939154679385897,0.7115388998385791,0.844917759187022,0.7747858695690586,1.0918580445306656
NEE-train,0.2373940720794165,14.573169276689065,2.5965469544550794,6.742056086689948,0.6961825322141937,0.8114359129402529,0.7626059279205835,0.7667066767799792,0.8733394950517991,1.077758199298407,0.8201763263995058
NEE-test,0.19170740014944812,-5.658940186672923,2.525201133306503,6.376640763652448,0.739663543144883,0.4202260685176611,0.8082925998505519,-0.07905130763946278,0.900677576825834,0.4466961674173927,1.9210546398681483
