,rse,mare,rmse,mse,r2,kge,nse,mkge,cc,alpha,beta
LE-train,0.2787406028644774,0.5396067442212222,31.148768982214005,970.2458091073373,0.608229527192159,0.7826583388834818,0.7212593971355226,0.7861429494113489,0.849296283620998,0.9942520297261823,0.8483748411583173
LE-test,0.2451973991898291,0.479099222260247,31.625472179162067,1000.1704905549539,0.6493759170091948,0.786996966486089,0.7548026008101709,0.8125022570506479,0.8698050049639078,0.9599240977380418,0.8711644888373427
NEE-train,0.1440263698269535,11.081748754334349,2.0224707657825745,4.090387998445153,0.8315859425606013,0.794127194129382,0.8559736301730465,0.7127954964085261,0.9251977827677087,1.1764315178729228,0.7860771758754701
NEE-test,0.138650048328841,-4.5563851548732,2.147516698410594,4.611827969952337,0.84869868465535,0.5517189026172533,0.861349951671159,0.16049677299031706,0.9289043025094714,0.5594591000511046,1.7110800133812114
