,rse,mare,rmse,mse,r2,kge,nse,mkge,cc,alpha,beta
LE-train,0.3561765224896874,0.5637870141546018,35.210599132318585,1239.7862912568344,0.5329727699589031,0.7251770344408031,0.6438234775103127,0.7542203838453496,0.8097704408952765,0.8474008175753089,1.030558535358647
LE-test,0.30818868206723576,0.48691604573369357,35.45581164343415,1257.1145792946809,0.5649840289811492,0.6797875637477316,0.6918113179327643,0.7061782430867378,0.8442578233766984,0.7693042782429124,1.0941014517380516
NEE-train,0.23698383523136946,14.554409203844633,2.594302459014431,6.730405248848323,0.6961359130050856,0.8189486620614556,0.7630161647686305,0.7857320352375985,0.8735612487136679,1.0559631387699753,0.8363169831791115
NEE-test,0.19209007038226178,-5.659324538503243,2.527720174209799,6.389369279107217,0.7382776407939822,0.41085035331235453,0.8079099296177382,-0.11656870434930222,0.9005484280659685,0.4372623576955886,1.9592504377407403
