,rse,mare,rmse,mse,r2,kge,nse,mkge,cc,alpha,beta
LE-train,0.343883974694545,0.4746727795201545,20.51178436603803,420.7332978788421,0.47126343493864564,0.7287614328745391,0.656116025305455,0.7316752236576387,0.8100277181304508,0.9949352984640467,0.8105717378034458
LE-test,0.9122241785288104,0.5612627591578513,21.11747144778265,445.9476003479154,-2.5244069875645523,0.20609259253522827,0.08777582147118956,0.31589568441225435,0.44906159335343787,0.7077105443158205,0.7188728743373004
NEE-train,0.6627652371227398,-4.403477617349937,1.7749086287226892,3.150300640314257,-0.9935424365389209,0.4020227058542357,0.3372347628772602,0.4232836136351066,0.5807610221380871,0.9496064565753174,0.6071883905430185
NEE-test,1.0779909517991422,-5.990399546600653,1.7317080671346952,2.9988128297793817,-4.522451508116245,-1.0669517355418372,-0.07799095179914217,-1.5168641578549122,0.1881944800039259,-0.817055882965004,-0.5407416736691747
