,rse,mare,rmse,mse,r2,kge,nse,mkge,cc,alpha,beta
LE-train,0.07801761026817176,0.2311701861431308,29.546729636912325,873.0092322367931,0.9147093878890423,0.940816893174039,0.9219823983792211,0.9438834659152436,0.9602112290779201,0.9955608022833037,0.9606780896976259
LE-test,0.1159837735031069,0.274534575012126,36.77511820789404,1352.4093192045796,0.838401663372353,0.8116437410974336,0.8840162314617374,0.8736519850849345,0.9476224828029982,0.9031321095864678,0.938056248320857
NEE-train,0.13624771225795065,-2.8760234673037015,3.730674226962858,13.917930187724917,0.842829933060943,0.9010479303757883,0.8637522876322561,0.896255400312484,0.9293844461316764,1.0072684058696284,0.9243458144429062
NEE-test,0.20304176364675422,1622.0505300509058,4.373434502840527,19.12692935063597,0.6895274822042681,-240.45932134029874,0.7969582350144846,-240.4613024944607,0.8981485482949075,242.45922406939374,0.003335357525420832
