,rse,mare,rmse,mse,r2,kge,nse,mkge,cc,alpha,beta
LE-train,0.6686090054592221,0.8037557932932847,48.24217515498087,2327.3074636838537,0.361025564183198,0.6176415615209166,0.3313909945407779,0.5884572123230831,0.6806626081864761,1.2090358528528165,0.8460678444875162
LE-test,0.4088098943604592,0.5653886000414599,40.835679628570546,1667.5527307272514,0.45612708191706486,0.7346987100044873,0.5911901056395408,0.7526260339191406,0.7748974070447194,0.9550464841282826,0.9077943431770336
NEE-train,0.2800565736756087,15.147148371024633,2.8202274221382586,7.9536827125806076,0.6201861973114591,0.6774528740762846,0.7199434263243913,0.6776922522248978,0.8485749302071061,0.7527365775053975,1.1407605499077484
NEE-test,0.22137339818409985,-5.706853069933023,2.7135588996365922,7.363401901796953,0.6678921085242306,0.18450015899292482,0.7786266018159002,-1.932267439057632,0.8864446090873344,0.21358402065715645,3.822560435984766
