,rse,mare,rmse,mse,r2,kge,nse,mkge,cc,alpha,beta
LE-train,0.08674907536493903,0.25429235658659505,31.156274660749283,970.7134507360478,0.9052396102685603,0.9379477483209389,0.9132509342502406,0.9351875929108424,0.955646188652794,1.0040699518825191,0.9529168498999787
LE-test,0.1254970936973619,0.3014398185048966,38.253598421624886,1463.337792202942,0.8297084120811038,0.8326013298498498,0.8745029116747131,0.8793956680013216,0.9396213919232826,0.9340966029312687,0.9190273451196842
NEE-train,0.14418139333360183,-3.0374018767271322,3.8377557102693522,14.72836889170502,0.83205026268283,0.8723585067668611,0.8558186065502116,0.8283378676201198,0.9251241490972139,1.072731205008606,0.8637220984062809
NEE-test,0.22421959862130042,1743.606528196743,4.595859291503759,21.121922627301434,0.6501546698353937,-190.46173769643025,0.7757803999003018,-190.46422362163923,0.8854739120488812,192.4615995774839,0.004159629522920223
