,rse,mare,rmse,mse,r2,kge,nse,mkge,cc,alpha,beta
LE-train,0.07578883961381334,0.2319373734572176,29.12163306208987,848.0695122030058,0.91720390366185,0.942001588255522,0.9242111687865449,0.9426565087278619,0.9613703313968789,0.9990787108362226,0.9576304835858666
LE-test,0.11525654112567345,0.2766340881936804,36.659644681278955,1343.9295481576244,0.8405864836365222,0.8167858756283948,0.8847434638080406,0.8765309150388305,0.947447978606421,0.9083787350128643,0.9360590601355097
NEE-train,0.14583007214835028,-3.102521431395458,3.8596352382021726,14.896784171971941,0.828723087982983,0.8172832779646095,0.8541699277341346,0.7436515295516097,0.9242900206812455,1.1472500601715123,0.8042962516652555
NEE-test,0.2351722117870924,1827.747563178057,4.7067696041419005,22.153680106474102,0.6346657888163795,-38.90535901657588,0.7648277866622935,-38.916910663995786,0.8778241853458354,40.90468235787915,0.019614389894164794
