,rse,mare,rmse,mse,r2,kge,nse,mkge,cc,alpha,beta
LE-train,0.0757888287098922,0.23193737462987501,29.121633047808714,848.0695113712246,0.9172039037430559,0.9420015883788226,0.9242111712901078,0.9426565085662116,0.9613703309615164,0.9990787112292273,0.9576304837554754
LE-test,0.11525653575598331,0.27663408119979577,36.65964466283084,1343.9295468050218,0.8405864837969644,0.8167858762355684,0.8847434642440167,0.8765309153052117,0.947447978215547,0.9083787355047512,0.9360590602663139
NEE-train,0.14583007268636958,-3.102521159742045,3.85963524249441,14.89678420510488,0.8287230876020345,0.8172832814028789,0.8541699273136304,0.7436515340830872,0.9242900211520394,1.1472500556859164,0.8042962540437959
NEE-test,0.23517220981312614,1827.7935767875642,4.706769609202216,22.153680154109583,0.6346657880308273,-38.90537610134415,0.7648277901868739,-38.91692774401788,0.8778241864494517,40.904699442936874,0.0196143816837406
