,rse,mare,rmse,mse,r2,kge,nse,mkge,cc,alpha,beta
LE-train,0.17821762860417048,0.45600879416709544,14.303261155594363,204.58327968513458,0.7771198028067542,0.8585541901953152,0.8217823713958295,0.865028802624552,0.9066197240322236,0.9902252383343723,0.9030371090802041
LE-test,0.20585097877639733,0.42765052077012294,22.606371501621304,511.04803246931584,0.7280797019961682,0.8275944511498885,0.7941490212236026,0.8488605183373674,0.8916621195095699,0.9667504575302241,0.8999974275648815
NEE-train,0.44699054620843426,2.8115178417473263,0.5521192726866255,0.3048356912720084,0.1869746533186185,0.6358012681335695,0.5530094537915657,0.6307960299282724,0.7436503840096589,1.0095371256343508,0.734471302618786
NEE-test,0.5287080490730023,-4.754297589362117,0.979385942951828,0.9591968252516413,-0.4506765057796893,-1.2918796752250916,0.4712919509269977,-1.7027522928749916,0.7313549514964165,-1.2413144006081784,-0.48634099458432917
