,rse,mare,rmse,mse,r2,kge,nse,mkge,cc,alpha,beta
LE-train,0.7135009637259531,0.6739718924426742,89.35325515194931,7984.004206249357,-4.669712139033355,0.12024953366223623,0.2864991153577712,0.3676512733292441,0.7735314459184406,0.44653875467338167,0.7944335726441621
LE-test,0.6621133517129213,0.6655201752065516,87.8661571933844,7720.461579932537,-3.797670086126849,0.1711874854832962,0.3378866766297475,0.3960620450135749,0.7749700141150333,0.5088065516053266,0.730126779431626
NEE-train,0.13278136586774794,-2.8463074434499887,3.6829115037567686,13.563837144503943,0.8473700065304794,0.8957061619001813,0.8672186340252521,0.915496490927376,0.9312525054542423,0.9597058574564313,0.9718751512724666
NEE-test,0.19685704660957315,1597.2098322570932,4.306311294757365,18.544316967354856,0.7112827819275156,-196.79758979688253,0.8031429520924448,-196.8000198941335,0.8998824011686544,198.7974876903186,0.004153634201342307
