,rse,mare,rmse,mse,r2,kge,nse,mkge,cc,alpha,beta
LE-train,0.713500860767084,0.6739718961406125,89.3532550889838,7984.004194997009,-4.669712131042682,0.12024953294073626,0.28649913923291603,0.36765127216469795,0.7735314421097841,0.4465387548490353,0.7944335727848667
LE-test,0.6621133202522018,0.6655201586420875,87.8661571084602,7720.461565008611,-3.797670076852782,0.1711874856553417,0.3378866797477982,0.39606204503190134,0.7749700134404593,0.5088065518808452,0.7301267795336533
NEE-train,0.13278136633098156,-2.8463071924110044,3.6829115074829613,13.563837171950418,0.847370006221632,0.8957061601768919,0.8672186336690184,0.9154964904645275,0.9312525059088061,0.9597058537041084,0.971875154146587
NEE-test,0.19685704505123644,1597.2500428366707,4.306311300415538,18.54431701608656,0.7112827811688097,-196.7976728305262,0.8031429549487635,-196.80010292676516,0.8998824015006095,198.79757072400466,0.004153632462664789
