,rse,mare,rmse,mse,r2,kge,nse,mkge,cc,alpha,beta
LE-train,0.3373434205258504,0.46632800714550676,20.315784409747984,412.7310961833592,0.48136999340735864,0.7316546477741279,0.6626565794741496,0.7316169243165402,0.8140723805022018,1.0000648678499595,0.8064531286397073
LE-test,0.9669207944732794,0.5779094971090163,21.741353440340525,472.6864494178068,-2.104064679125022,0.2069669904353938,0.03307920552672061,0.31278005895599104,0.4165589921879338,0.6946431089771654,0.8034675424347407
NEE-train,0.6411056619989673,-4.256369232932487,1.7456651683466904,3.0473468799788788,-0.8057669969596455,0.4305408962922431,0.35889433800103265,0.4367755900487744,0.5990888724249903,0.9853918959131814,0.6046791087655128
NEE-test,0.9522692662126209,-5.294634836799389,1.62759747086137,2.649073527154328,-6.3982866067941275,-0.30785452382782297,0.04773073378737913,-1.0670290083099743,0.26152551012214886,0.1316906943830888,2.724326911804615
