,rse,mare,rmse,mse,r2,kge,nse,mkge,cc,alpha,beta
LE-train,0.852729320526123,0.6033577031492963,97.68293309942702,9541.955418907135,0.6788792623250026,0.18700884660337946,0.1472707858447846,0.4788130215798674,0.8946219375600987,1.5034873256426402,1.0838560871275429
LE-test,0.4026155173778534,0.48524021689273156,68.51737406906896,4694.630549320724,0.7812480646151185,0.4913776478831179,0.5973845083193303,0.6373692243039242,0.9175234882511418,1.353117361302945,1.002614122821052
NEE-train,0.18843232095241547,-3.5393501776808676,4.387330984481627,19.248673167392525,0.7638652363181729,0.799757728870528,0.8115676936298597,0.7265056553626625,0.9009707598261086,1.1374970951220136,0.7853213681518433
NEE-test,0.24152597784996033,1818.1324188428075,4.769928157538018,22.752214628074036,0.5431859070876641,-454.99568745473135,0.7584740482528205,-454.996698825421,0.8893104259968818,456.9955923769306,0.0015911097552312593
