,rse,mare,rmse,mse,r2,kge,nse,mkge,cc,alpha,beta
LE-train,0.5946912169456482,0.5865635060024879,26.97386978449597,727.5896511509447,-0.17224171150636125,0.4781147099234849,0.4053087229406823,0.5645101478367869,0.6790069595776563,0.7058365778428094,1.009097274444981
LE-test,1.3268952369689941,0.6997458007451599,25.46885599699874,648.6626257958587,-1.0933510568896412,0.18822092176715421,-0.32689520529246696,0.12893423987549846,0.3367658302457525,0.5786300051635062,1.375929942919107
NEE-train,1.3472204208374023,-6.777113633428857,2.5305532281337273,6.403699640418028,0.23298708382588684,0.282004193022554,-0.34722046413361785,0.35520932936740046,0.5325462772249486,1.4372382893014557,0.9221237881807325
NEE-test,1.3455437421798706,-7.07539115506622,1.9347107897616223,3.74310584002004,-1.0670901523011285,-1.1853530268765886,-0.34554386531414605,-1.8115699862864618,0.2274166252225833,-1.0350820477645915,-0.7794610913618395
