,rse,mare,rmse,mse,r2,kge,nse,mkge,cc,alpha,beta
LE-train,0.31273223128380206,0.4505868931726042,19.56067309736263,382.6199320218862,0.5413740192568194,0.7558713519443809,0.6872677687161979,0.7576601906499643,0.8290260671589559,0.9969630939133091,0.8282814084436445
LE-test,0.8985352330934655,0.5593943951894996,20.95842687727432,439.25565717005463,-1.3053678935255002,0.29578695334853267,0.1014647669065345,0.3885885966260243,0.47203207870702407,0.7242830651457418,0.8619639536357222
NEE-train,0.686799664600699,-4.405400095748211,1.8068045577211576,3.264542709801948,-1.299227855670047,0.36219423087857117,0.31320033539930103,0.39785794967844057,0.5598840273828318,0.9135677696220671,0.5982507635793299
NEE-test,1.0058328548189344,-5.583791787976868,1.6727461194070579,2.798079579991371,-5.2395268817471345,-0.2694346384094388,-0.005832854818934363,-0.4335517517537031,0.2049878256085581,0.21182528217382468,1.8954366988822444
