,rse,mare,rmse,mse,r2,kge,nse,mkge,cc,alpha,beta
LE-train,0.45088933573746554,0.5437922397251546,23.48726539870617,551.6516359092601,0.16774045809966287,0.630123729328254,0.5491106642625345,0.6353097071376581,0.7410783775447011,0.9901561378752636,0.7433646526458104
LE-test,0.8923877098272719,0.5800639166405054,20.886608018630277,436.2503945239106,-2.3029612632135716,0.21128046913405985,0.10761229017272811,0.2671020419311907,0.3949618312416282,0.8406187916713039,0.6183380268894594
NEE-train,0.6168780028018617,-4.146422043458408,1.7123627911130683,2.932186328388538,-0.6144884766463063,0.46002495942620625,0.38312199719813833,0.4706148943475741,0.6189747304940428,0.9761119079194868,0.6332607286623155
NEE-test,0.9515078448616443,-5.336019562898921,1.6269466385088707,2.646955364555314,-7.543438785295601,-0.39033936208428166,0.0484921551383557,-9.462964078343289,0.26050300276624483,0.029295888435094283,11.391558835111086
