,rse,mare,rmse,mse,r2,kge,nse,mkge,cc,alpha,beta
LE-train,0.7292060852050781,0.6538429897965925,29.86913336086213,892.165127728967,-0.8343437255424833,0.3588358134420222,0.2707938900482535,0.4692471711351289,0.5785234460464451,0.6886828131135375,0.9155151554147217
LE-test,1.3915590047836304,0.738538152426479,26.082063912439953,680.2740579326025,-0.6605122794986511,0.2396204588616183,-0.3915591092490269,0.14200858338798727,0.3297925641133988,0.6509317839212726,1.4063528569923072
NEE-train,0.798192024230957,-5.108090271072724,1.9478245766718378,3.794020581486824,-0.34700659071307416,0.38756085969539067,0.2018079460720128,0.42446191156967805,0.5166790766839774,0.7025387967597594,1.0957173384807828
NEE-test,1.2067512273788452,-6.598553230943492,1.8322130357910613,3.357004608522697,-1.480655480710709,-0.1487433345688045,-0.20675106445957403,-1.3623108471770746,0.206904753491119,0.2259929888107668,3.0862467771779527
