,rse,mare,rmse,mse,r2,kge,nse,mkge,cc,alpha,beta
LE-train,0.3602611580340561,0.579011009363204,35.41192131937334,1254.004171529488,0.457570475349135,0.7043001325125733,0.6397388419659439,0.7577628732868817,0.8029570784616988,0.8801115944781333,0.9259751200520888
LE-test,0.2873155172175986,0.4694379267007184,34.23407751229188,1171.9720631176087,0.5185595829999792,0.6546253844500525,0.7126844827824014,0.7398851383359918,0.8597283341510302,0.7812326590149985,0.9888442150973962
NEE-train,0.2799518178118352,15.826689759639917,2.819699916234686,7.950707617613895,0.7238044389723615,0.7669713855416311,0.7200481821881648,0.6668328985308163,0.8609986786225388,0.8130908250898875,1.238209803515972
NEE-test,0.20793689181344338,-5.897450443871454,2.6299186252373814,6.916471975370478,0.7768778574400788,0.6170627568896376,0.7920631081865566,0.35279124508813575,0.8931764907729176,0.6338981950113604,1.5229124005940546
