,rse,mare,rmse,mse,r2,kge,nse,mkge,cc,alpha,beta
LE-train,0.711654543876648,0.6490617998578235,29.507480076337444,870.6913804554512,-0.7248705504322726,0.3797323030814622,0.2883453356593002,0.4857283330040041,0.5886813626602142,0.7039945147249396,0.9124038885631431
LE-test,1.389288067817688,0.7390427799667213,26.0607714757765,679.1638099126461,-0.6647729375878839,0.23955266350028104,-0.38928800140994335,0.1493385186413645,0.3269502268801172,0.6567718296201631,1.3909263125299347
NEE-train,0.8233612179756165,-5.237548029272915,1.9782963901193225,3.9136566071591425,-0.20890973986117078,0.42411861777110205,0.176638729668409,0.4372683926600974,0.5201830316970025,0.7337558095365733,1.1247259791396529
NEE-test,1.2315144538879395,-6.711497374852901,1.8509167451874344,3.425892797615246,-1.3450935210921027,-0.21348916656787265,-0.23151447863692565,-4.1503233743699175,0.21053032383624934,0.12051921651577034,6.012891584951843
