,rse,mare,rmse,mse,r2,kge,nse,mkge,cc,alpha,beta
LE-train,0.24686172719498944,0.4885603154478397,29.313498384222655,859.2811875218242,0.678263727469753,0.818600417430418,0.7531382728050106,0.813862402850912,0.8678848500784426,1.007859264434465,0.8691144614703759
LE-test,0.25666991278792467,0.45574408456258425,32.356874932732445,1046.9673554124893,0.6681124501288518,0.8102752664300463,0.7433300872120754,0.836475281670032,0.8629318277364803,0.9483653584670294,0.9272915861059049
NEE-train,0.7611091098265357,29.632073669385413,4.649269331731508,21.615705318979145,-15.156891594361198,-5.518795493157826,0.23889089017346432,-5.554592016513548,0.711814274044201,-5.465185306177131,-0.03971363706060595
NEE-test,0.7353579810672218,-11.242389614733662,4.945679193226288,24.459742682311422,-15.378483212364582,-0.4683167203613301,0.26464201893277817,-0.533762431449099,0.7430683194026627,2.2119506379879548,0.09579374105756774
