,rse,mare,rmse,mse,r2,kge,nse,mkge,cc,alpha,beta
LE-train,0.4305799901485443,0.6511984382619638,38.71396713788651,1498.771251553357,0.24584323825691734,0.6517366546940311,0.5694200321428562,0.6724037485032851,0.7549360665712228,0.9612287678516482,0.7860846801072598
LE-test,0.31656789779663086,0.496209957536727,35.93457534871839,1291.2937054927195,0.3547148791900534,0.6229518013035799,0.6834321227242564,0.7226371490336279,0.8461638250335851,0.8304397303658619,0.8434308544779817
NEE-train,0.40532439947128296,18.696915559210975,3.392834084656315,11.511323126005655,0.3935032260605863,0.22836064349050844,0.5946755867025171,0.08576453230009884,0.7726375995725867,1.71444170323125,0.4768309241207273
NEE-test,0.36229702830314636,-7.378170358292886,3.471433991848075,12.05085395975826,0.4310133666926885,-0.1265518977911586,0.6377029883119611,-8.896514872436594,0.8012811855584908,-0.09032564510483067,-8.834261916421202
