,rse,mare,rmse,mse,r2,kge,nse,mkge,cc,alpha,beta
LE-train,1.3492038249969482,0.8081885493778836,122.87170313535529,15097.45543138288,0.6062712396341255,-0.1198172116361289,-0.3492036737288602,0.2683103075508071,0.8936117585685928,1.7198793716359084,1.076321939274476
LE-test,0.949406087398529,0.7340582542550202,105.21592084586,11070.389999442277,0.6645642823058912,0.05539833608447986,0.050593978397910355,0.34645924520395255,0.9076732601105698,1.6466219831190085,1.0217094962635591
NEE-train,0.18822044134140015,-3.4495296884700224,4.384864037921659,19.227032631058638,0.7686196225273153,0.856264105288759,0.8117795407601537,0.8338213719740082,0.9009930005968574,1.0351963253378769,0.8712592948423172
NEE-test,0.2169492542743683,1691.1361161166262,4.5207343744896,20.437039284691878,0.6327618444204524,-496.95587393687845,0.783050773526061,-496.9568211880401,0.8984287659573386,498.95580981596856,0.0015404338971115538
