,rse,mare,rmse,mse,r2,kge,nse,mkge,cc,alpha,beta
LE-train,0.369517662908387,0.4876148104266532,21.262536620299787,452.0954635295895,0.40280902465745605,0.703439790725428,0.630482337091613,0.7047191490153741,0.7940661906968589,0.9977401890086631,0.788394375314866
LE-test,0.922043470539586,0.5650939375988236,21.230822748030928,450.7478345583075,-2.1273010548265407,0.21857769936043014,0.07795652946041398,0.3085338437498656,0.41739381830510375,0.7503370464489388,0.7236598257321429
NEE-train,0.62857539213589,-4.221830144690636,1.7285216666551944,2.987787152096451,-0.7129132716233628,0.44479517538182656,0.37142460786411,0.4525446238018189,0.6094604961800301,0.9821797257932504,0.6167654468715799
NEE-test,1.0888371840687519,-5.980477974223795,1.7403980746517265,3.0289854582514364,-4.9455293964315565,-0.3150162987487741,-0.08883718406875185,-0.597203810240085,0.12111154161682816,0.2065429767912082,2.07193331951523
