,rse,mare,rmse,mse,r2,kge,nse,mkge,cc,alpha,beta
LE-train,0.31402619336714394,0.4502350751301261,19.601098482602513,384.2030617246825,0.5369878424251366,0.7537493302368373,0.685973806632856,0.7550351715212154,0.8282505411581872,0.9978203952826629,0.8253427931562485
LE-test,0.8640056435041981,0.5382966232665928,20.551778742997108,422.37560950110776,-1.9175293159675033,0.2611355760667363,0.13599435649580194,0.37027020536520727,0.49165512700463077,0.7176110729226807,0.7583357738219813
NEE-train,1.6100114876541514,-8.899536747543369,2.7663723018926403,7.652815712678786,-1.839449533049756,-5.800320837283414,-0.6100114876541514,-5.889244713472527,0.34476195958363287,-5.764171766391051,-0.13063528481055525
NEE-test,3.01825907347559,-11.687401147370753,2.8976463491252162,8.396354364598695,-4.411850017862163,-9.085572921979688,-2.01825907347559,-9.140355777148033,0.024465245462756715,-9.035088629444067,-0.08265572969057025
