,rse,mare,rmse,mse,r2,kge,nse,mkge,cc,alpha,beta
LE-train,0.2321242394675161,0.4734578389424897,28.425035592929536,807.982648459311,0.701183946815928,0.8282835637101015,0.767875760532484,0.8216286191139717,0.8763223617570899,1.0108309369468804,0.871926262947093
LE-test,0.21909256365708193,0.4334139314174691,29.894611051335573,893.687769910635,0.7469994363607675,0.8623427263582751,0.780907436342918,0.8466885218205222,0.8850656446217722,1.0303363161192218,0.9031794896745408
NEE-train,0.2243021816986155,14.35465909239354,2.523934001937442,6.370242846135951,0.7110257361461022,0.7966386048491072,0.7756978183013845,0.834976143162766,0.8807411852458296,0.886080612671814,0.9942919688475713
NEE-test,0.15784347127255358,-4.91990668880236,2.2913416449941266,5.25024653408439,0.8078086241958499,0.6185245260665211,0.8421565287274464,0.44245331782095165,0.918024852318248,0.6394255943274902,1.4172822497367172
