,rse,mare,rmse,mse,r2,kge,nse,mkge,cc,alpha,beta
LE-train,0.3148540143524798,0.4481444972554096,19.62691722223067,385.2158796482949,0.5396489252215109,0.7558497980926635,0.6851459856475202,0.7576645960060262,0.8277394418843289,0.9969009759517861,0.8295795076977285
LE-test,0.9342689278733989,0.5783033911768525,21.371109953657506,456.7243406513189,-1.2787413022029441,0.2840461505118189,0.06573107212660112,0.36044258346683955,0.4281650988310689,0.7629010571990217,0.8393057992012541
NEE-train,0.7253179126519961,-4.68334904380919,1.8567795390942605,3.4476302567990946,-1.6169140344858484,0.3283719713849238,0.2746820873480039,0.33569425215964577,0.5241109407231843,0.9805479926169373,0.5369089190201035
NEE-test,1.079352066424016,-5.976901759194869,1.7328009842942171,3.0025992511710076,-5.136204480144435,-1.1973324386627828,-0.07935206642401593,-1.5616180047351684,0.182864586178902,-0.9553687168514143,-0.43899607324747847
