,rse,mare,rmse,mse,r2,kge,nse,mkge,cc,alpha,beta
LE-train,0.1773850501742268,0.4561046916006312,14.269811805735017,203.62752897109448,0.7792961258148876,0.8608378696302444,0.8226149498257732,0.8633654281751627,0.9070443601875223,0.996194743567844,0.8999311473619535
LE-test,0.21635795834518878,0.43240634284206275,23.17612525999606,537.1327820670274,0.7041529416114893,0.8064590181897799,0.7836420416548112,0.8431991692689942,0.8866201551662621,0.9397704842439243,0.9099782429898211
NEE-train,0.4544876507410673,2.8999528410744273,0.5567302018228925,0.30994851762175857,0.14141101099943987,0.6142238718006854,0.5455123492589327,0.574600272565265,0.7387538081995811,1.0796850304701229,0.6738625270069366
NEE-test,0.5344294939149941,-4.918044853803076,0.9846709244071565,0.9695768293728442,-0.3974417771509593,-1.3414014840083102,0.46557050608500594,-1.7424503386329722,0.7256775799791861,-1.2937522086997064,-0.47799928106452333
