,rse,mare,rmse,mse,r2,kge,nse,mkge,cc,alpha,beta
LE-train,0.20082822971795047,0.4852938247865473,15.183507838065319,230.53891026859097,0.7409905091013345,0.8399041951422348,0.7991717702820496,0.8477396973645568,0.8940859925916286,0.9879650971541043,0.8912774912595095
LE-test,0.1892502320895708,0.4159874557494609,21.675673595021294,469.83482579790336,0.7466351323224257,0.8305822018250589,0.8107497679104292,0.8464919419881516,0.9012976734367719,0.9768652289780972,0.8847292015498329
NEE-train,0.40150616671342676,2.7244693341892026,0.5232748335433633,0.27381655141983463,0.31525480566727837,0.6742206011991694,0.5984938332865732,0.6713600072841157,0.7736647440919869,1.005201148556934,0.761778370421493
NEE-test,0.4411381284527026,-4.385768119691861,0.8946088773196925,0.8003250433792006,0.07910846650209713,-0.7714573678549557,0.5588618715472974,-1.615727783749378,0.770129825202137,-0.7292866860191858,-0.9490405585758384
