,rse,mare,rmse,mse,r2,kge,nse,mkge,cc,alpha,beta
LE-train,0.2633288320539528,0.5593117208261656,17.386371073210036,302.2858990953547,0.6313456542279776,0.7901694119866243,0.7366711679460471,0.7911868469365837,0.8583979382088753,0.9983679466866286,0.8465427571250853
LE-test,0.2851049879738427,0.5135048582839103,26.6046040537007,707.8049568541878,0.5334365114558314,0.7269510984702763,0.7148950120261572,0.7677867552785016,0.8491932627381205,0.9354741961595743,0.8356323034800943
NEE-train,0.36820166006235633,2.6155040751463656,0.5011025460370536,0.25110376164481746,0.40309196672351877,0.6971729944658619,0.6317983399376437,0.6641672740834063,0.7949576404923763,1.0600609466195345,0.7408978323223023
NEE-test,0.43633660325043494,-4.385828722010033,0.8897269148537944,0.7916139830152511,0.16363827760591265,-0.8661549905044061,0.563663396749565,-1.6263593428579615,0.7731945113256784,-0.8313855022803319,-0.868782975672114
