,rse,mare,rmse,mse,r2,kge,nse,mkge,cc,alpha,beta
LE-train,0.12287071404310293,0.33339885175722933,37.07979185285294,1374.9109638508994,0.8603600568903347,0.9112010643574587,0.8771292995757626,0.9081809438265794,0.936557922216948,1.004557282334959,0.9337801161216178
LE-test,0.1695893378871502,0.3870231986304202,44.46873062310643,1977.4680032304036,0.7347944047584047,0.7720838575151445,0.8304106693723536,0.8256298706765699,0.9204773461098951,0.9259211235539349,0.8636423468116552
NEE-train,0.13592963207837053,-2.940887036184035,3.7263169173969777,13.885437768878914,0.8420587454100802,0.8986895419605414,0.8640703678120925,0.9042929089823113,0.9295559577535265,0.9913577757163446,0.9357909964064525
NEE-test,0.2001923662697859,1646.695162356196,4.342638664620082,18.858510571453287,0.6987427509990861,-170.32701230940833,0.7998076324102406,-170.32980345215555,0.8986887712120624,172.3268826702379,0.004730444699153686
