,rse,mare,rmse,mse,r2,kge,nse,mkge,cc,alpha,beta
LE-train,0.12287069627257645,0.33339885371915046,37.079791820663004,1374.910961463707,0.8603600571327849,0.9112010641285038,0.8771293037274236,0.9081809433632959,0.9365579214022024,1.0045572827301186,0.9337801162870025
LE-test,0.1695893300768448,0.3870231892558018,44.468730612619595,1977.4680022977311,0.734794404883489,0.772083857925767,0.8304106699231553,0.8256298706817802,0.9204773454473176,0.925921124055321,0.86364234693234
NEE-train,0.13592963254940724,-2.9408867762462316,3.726316921123495,13.885437796651283,0.8420587450941807,0.8986895413472924,0.8640703674505927,0.9042929108573317,0.9295559582540388,0.991357771840267,0.9357909991738614
NEE-test,0.2001923646551592,1646.7366181932955,4.342638670001823,18.8585106181952,0.6987427502524024,-170.3270842868048,0.7998076353448408,-170.32987542839012,0.8986887713518142,172.3269546476881,0.004730442719027981
