,rse,mare,rmse,mse,r2,kge,nse,mkge,cc,alpha,beta
LE-train,0.7973084449768066,0.9217538969745432,52.68099236227421,2775.286956273994,0.39426422253444726,0.41300293034120117,0.20269156004406785,0.3889262653146637,0.6959100553811013,1.4800018629456568,0.7751920233340045
LE-test,0.40349510312080383,0.6338776958292968,40.56936473403264,1645.8733549229712,0.598277855084568,0.7057149366282791,0.5965049376324019,0.6546010102463243,0.8085056966179788,1.2234474700853826,0.8191641019942771
NEE-train,0.37457969784736633,17.680249791548682,3.261619925958544,10.638164541409818,0.44329879215472556,0.3247915404728843,0.6254203140586132,0.18376738867753106,0.7914910478578185,1.616547207595781,0.5074259106807272
NEE-test,0.30480626225471497,-6.743821668330758,3.1841129475085945,10.13857526249187,0.49384719114843645,0.052058695041401704,0.6951937570033616,-6.376730131585977,0.8378655624789646,0.0932824840990052,8.318997418005866
