,rse,mare,rmse,mse,r2,kge,nse,mkge,cc,alpha,beta
LE-train,0.5208721160888672,0.5325794905876317,25.244282973448193,637.2738228435263,0.2718752530760673,0.5790392800434875,0.47912785325657814,0.5634134805830504,0.7377313451455085,0.7090662966871272,1.1928225139709558
LE-test,1.3181688785552979,0.679536049550698,25.38496958971444,644.3966810707269,-1.724225424051545,0.12634357219217063,-0.3181688483594234,0.09010179193671441,0.3529393977858746,0.4980706170289915,1.3966033542589045
NEE-train,3.5166327953338623,-9.371113511190265,4.088458753353956,16.715494977876585,0.20304678265876686,-4.364363090054875,-2.516632285527996,-4.291910086721309,0.5312659921962735,6.229275243829741,0.3372170640847871
NEE-test,1.420182704925537,-7.124699161735008,1.9876468369343723,3.9507399483752152,-0.800504746092563,0.11525269509787428,-0.42018263126626865,0.05280109507852904,0.2087141231562257,1.3796430427369948,0.6437366329617802
