,rse,mare,rmse,mse,r2,kge,nse,mkge,cc,alpha,beta
LE-train,1.009037353893254,0.981584248692963,59.26446826638138,3512.2771988969253,-0.1693983130111807,0.36978247104944995,-0.009037353893253997,0.2999547582575772,0.4821319749144352,1.3520407289217555,0.6870409383634608
LE-test,0.6665412325219212,0.7696928273790296,52.14258993205515,2718.8496848224595,-0.1974596464908449,0.5131369194469086,0.3334587674780788,0.47032389626191573,0.5997801910237885,1.1112760678261158,0.6713687231814958
NEE-train,0.48706283900711134,21.359676532166755,3.719236055830003,13.832716838985917,-0.09166626892951046,0.5640252955001788,0.5129371609928887,0.5723309104532633,0.7179384341597967,0.9838232093749258,0.6789385811490583
NEE-test,0.4696671576944288,-8.660430311070218,3.9524977649803317,15.622238582174518,-0.08452373275208402,0.07070365711159887,0.5303328423055712,-1.8340374094477334,0.7338535996964388,0.1779019152998768,3.6990903784214164
