,rse,mare,rmse,mse,r2,kge,nse,mkge,cc,alpha,beta
LE-train,0.8028745055198669,0.7052347620662417,31.34161232584696,982.2966631836821,-0.9469980394427644,0.341437004484463,0.1971253904508593,0.426925303801423,0.5037744135464369,0.756250920622142,0.8491319746455356
LE-test,1.413022518157959,0.7739522656626128,26.282439633264136,690.7666330761734,-0.38176414059663166,0.2961280944073249,-0.41302257437790413,0.2253475245198815,0.33698118259243703,0.7639593355645955,1.323693234813218
NEE-train,0.7960012555122375,-5.03820666743001,1.945149477686263,3.783606490543142,-1.1919469498624529,0.21215895335037094,0.2039988790049263,0.3173942939303137,0.47245017505887504,0.5704980372366214,1.0563009426731793
NEE-test,1.2029434442520142,-6.391737597341234,1.8293202214690696,3.3464124726756457,-2.3292365374059965,-0.13921994966803464,-0.20294348219534997,-0.23013283427263054,0.1366067293736045,0.37289803658274595,1.6119820076365774
