,rse,mare,rmse,mse,r2,kge,nse,mkge,cc,alpha,beta
LE-train,0.6534165143966675,0.6209344408420363,28.274343721761834,799.4385128963329,-0.42702466448785303,0.43108256717509297,0.34658346306510046,0.5298233858301916,0.6342527570257336,0.7078423904664805,0.9559666721611081
LE-test,1.3644134998321533,0.7233446022051576,25.826415386150476,667.00373169799,-0.8062980485477624,0.22058055457132297,-0.36441351529443455,0.13638282329036822,0.3303065152416205,0.6233370595227342,1.3942972148660364
NEE-train,0.98871248960495,-5.848722667250045,2.1678595597364043,4.699615070740517,0.09737121316578146,0.5239571611524596,0.011287544329753318,0.5262408412015149,0.5287057634928122,1.0482393520053166,0.9984353598937155
NEE-test,1.2949187755584717,-6.958214791844792,1.89796583333117,3.6022743044924823,-1.090233287242754,-0.4886637549173014,-0.29491879170659296,-3.395628338735613,0.2209660057769907,-0.2505577815775655,-3.1413475781533178
