,rse,mare,rmse,mse,r2,kge,nse,mkge,cc,alpha,beta
LE-train,1.0418003797531128,0.72993377695709,35.70177087096936,1274.6164433231966,-9.622418787277793,-0.06348097094957073,-0.04180052484476948,0.18757580069521906,0.5530425499199857,0.322146193506934,0.9721372209417819
LE-test,1.4751362800598145,0.7281470414912438,26.853889403083333,721.1313760730313,-5.830027122923067,-0.06913627362052943,-0.4751362684465812,-0.053245512881818335,0.3840383998898784,0.3092507959257472,1.5027752526390388
NEE-train,0.7251279354095459,-4.5854253871502255,1.8565362802466112,3.4467269598719237,-1.1216904658580553,0.2503781611177436,0.27487212777559566,0.37591381093061427,0.5291574918064913,0.5904985190469756,0.9900279910512243
NEE-test,1.0540121793746948,-5.785189893005462,1.7123397580819646,2.932107447108201,-4.340317762748867,-0.4040106592819379,-0.054012191083872674,-63.44422299608533,0.1778474853441307,0.006789746490141459,65.43132371916738
