,rse,mare,rmse,mse,r2,kge,nse,mkge,cc,alpha,beta
LE-train,0.8100552558898926,1.0024467061188214,30.494186562746993,929.8954141236193,-0.2780148285003632,0.47158037491282623,0.18994475769655217,0.4479679601777309,0.5181958664287774,1.0743848842866717,0.7410192307261461
LE-test,0.6649063229560852,0.6890826861834686,40.628857307168374,1650.704046086249,-1.4188019248971626,0.2463054470082081,0.33509374278489623,0.4151830992552896,0.6718040362650289,0.5162101664872858,1.0156720698844244
NEE-train,0.9791690707206726,4.344650513190655,0.8171702775462306,0.6677672625049835,-29.492044114593714,-0.5565942595595987,0.02083102309223761,-3.2907868223474956,0.20652813987358667,-0.05814637756233947,-3.0818598953994183
NEE-test,0.9567417502403259,-6.1749345655827526,1.3174776789878042,1.7357474346310917,-58.813373597730866,-1.0359349501797142,0.04325824424170421,-1.1829466679898832,0.34411643661159974,-0.7180799420760893,-0.17612678704333992
