,rse,mare,rmse,mse,r2,kge,nse,mkge,cc,alpha,beta
LE-train,0.3627240477577231,0.5697546293655097,35.532760191705435,1262.5770468412466,0.5123661573102006,0.7110305129801457,0.6372759522422768,0.7438770506911592,0.8059597384376835,0.835878878916203,1.0318056546809613
LE-test,0.31496106182572187,0.4918321673204382,35.843261581450086,1284.7394007962557,0.5326429917641323,0.6529764546880964,0.6850389381742781,0.6869904254431742,0.842973622080612,0.7476102439529289,1.0980669232935474
NEE-train,0.23707368796958891,14.537090136046437,2.5947942290293287,6.732957091003908,0.6966510040591593,0.827738565777995,0.7629263120304111,0.8365803419440954,0.8735199169326004,0.984855640586094,0.8976309538761108
NEE-test,0.19367788561001495,-5.668965850970949,2.538145733114223,6.4421837625259375,0.7344289784951651,0.371084330970187,0.806322114389985,-0.30584069290948523,0.8998643885156739,0.3965208600997676,2.1536922043059232
