,rse,mare,rmse,mse,r2,kge,nse,mkge,cc,alpha,beta
LE-train,0.08209234789368376,0.24762013221982418,30.30850159200935,918.6052687528332,0.9103076250290355,0.9395452643872817,0.9179076521063162,0.9427075246711465,0.9580811539038767,0.9952802357909291,0.9612319474684685
LE-test,0.11819711397047626,0.2862415164452229,37.124354094911105,1378.217666964343,0.8420119086176259,0.8323573596290368,0.8818028860295237,0.8850417064812829,0.943823065711595,0.9180863707585677,0.9421232460551828
NEE-train,0.13131746024193391,-2.814879991797944,3.662553307849539,13.4142967328396,0.8490408892540608,0.8681127536478157,0.8686825397580661,0.8836848471648531,0.9320601067007138,0.9091918575419194,1.0258315106189735
NEE-test,0.2059059902811273,1605.3172437085004,4.404173620470578,19.39674527924892,0.6932724948442817,-237.38327167889852,0.7940940097188727,-237.3852863340643,0.895281517983338,239.38318021251067,0.0034226658158761974
