,rse,mare,rmse,mse,r2,kge,nse,mkge,cc,alpha,beta
LE-train,0.8303515911102295,0.6712337232720843,31.873408001435248,1015.9141376259565,-1.3214468447804917,0.2647958441201993,0.16964833827459402,0.3836757793556005,0.5185643208149046,0.6163377788135491,0.9703599629758813
LE-test,1.3606292009353638,0.7194417291315265,25.79057413432882,665.1537141783108,-0.6048086875394516,0.25640798113065355,-0.3606291453015471,0.11467825788579988,0.3662236464527133,0.6192354808578443,1.4869707400931496
NEE-train,0.7954574823379517,-5.01040376192826,1.9444850438288779,3.781022085674193,-1.2348983766202082,0.26326495937103034,0.20454259019104715,0.37045325688581965,0.4707516717758521,0.6838685854605746,0.8723824558341667
NEE-test,1.201647162437439,-6.391976993176777,1.8283342503632374,3.3428061310513013,-2.3730595772080134,-0.04212955714157007,-0.20164710131373487,0.038893957228229414,0.13162110330447205,0.588375526667652,1.0144294899472306
