,rse,mare,rmse,mse,r2,kge,nse,mkge,cc,alpha,beta
LE-train,0.5740403532981873,0.5007636016670527,80.14645319361223,6423.453959515876,0.5205030514403075,0.6787990292813073,0.4259597109197636,0.6852073836420418,0.7480001915504928,1.1755029810469657,0.9307960152987654
LE-test,0.23370549082756042,0.4507199833981709,52.20233424417783,2725.083700540861,0.6798217082601514,0.7972444872986801,0.766294514033061,0.7548178481545643,0.8767838320552189,1.0686673480208102,0.7994585856827805
NEE-train,0.30954933166503906,-4.453423192595175,5.623253269893734,31.620977337370572,0.5891883064296252,0.7212730055019726,0.6904506800264913,0.6397209570785971,0.8318457803615377,1.1788894693107492,0.7363265182923008
NEE-test,0.4679184556007385,2516.9090861306763,6.6391889140509095,44.078829436456495,-0.022858797960147337,-400.03618063294175,0.5320815399479668,-400.0372926191818,0.7350080067947402,402.03596249264905,0.001682334427632852
