,rse,mare,rmse,mse,r2,kge,nse,mkge,cc,alpha,beta
LE-train,0.825244128704071,0.6952626043349975,31.77523174843169,1009.6653526665413,-1.0595812815548804,0.31811504400448976,0.17475574724021803,0.4082539371837045,0.48905509206831665,0.7369195847654674,0.858977310204008
LE-test,1.3522387742996216,0.7355138521417063,25.71093348116161,661.0521004727171,-0.4894923145943775,0.2863932836072317,-0.352238941606311,0.22801326381457687,0.33953913779563305,0.7339184932939072,1.2982542575245186
NEE-train,0.8074231147766113,-5.103161332636243,1.9590554341350819,3.837898194014194,-0.8613906511326594,0.2693954781074689,0.19257690451267773,0.35124489028393546,0.4768450502165536,0.6211222500459969,1.060363411845045
NEE-test,1.2531763315200806,-6.589809553259634,1.8671242476890753,3.486152956308495,-1.8823440202003558,-0.059424113935596434,-0.2531763525774513,-0.0682406033975167,0.1407275358219653,0.4823073934656818,1.3671282939139973
