,rse,mare,rmse,mse,r2,kge,nse,mkge,cc,alpha,beta
LE-train,0.8080956339836121,1.0014616094851945,30.457280388272885,927.6459286498721,-0.27399352141454303,0.47313560443426184,0.1919043409709914,0.45009950970607493,0.5194849138321334,1.0724618162272237,0.7426187917122953
LE-test,0.6586149334907532,0.6873503403946145,40.43618736495792,1635.0852486139822,-1.3653972752762074,0.2510652565778013,0.34138501964588663,0.41843011757929083,0.6764882595210594,0.5171446253195453,1.0203560569197927
NEE-train,1.039520502090454,4.299379974119617,0.8419770571999685,0.708925364851119,-9.077265224433686,-0.1521305822222494,-0.03952044848867087,-0.09521115240462885,0.10076344026787917,0.7592128195976923,0.423040199193634
NEE-test,1.1090809106826782,-6.348012270795673,1.4184940605069123,2.012125399693388,-20.685379064167396,-2.418763015454117,-0.10908093499078864,-2.5078564084462243,0.08530402375842279,-2.2019414651786096,-0.10270517677871231
