,rse,mare,rmse,mse,r2,kge,nse,mkge,cc,alpha,beta
LE-train,0.354312787825331,0.5620690269943472,35.118356549501556,1233.2989667379188,0.5349345489475319,0.7264923538505996,0.6456872121746691,0.7562215408688241,0.810712593061353,0.8489770520331686,1.0281119885141765
LE-test,0.3059137226670086,0.48516106169678186,35.32470699586722,1247.8349243438704,0.5720879022465446,0.6862704828890049,0.6940862773329914,0.7122762644561722,0.8449732763635917,0.7752160165500066,1.0906853005630366
NEE-train,0.23808786578684746,14.598256817716976,2.6003384426471117,6.761760016308406,0.6975854311439597,0.8105020785915319,0.7619121342131525,0.7629998228207442,0.8729951138214797,1.084121667890118,0.8184445322741163
NEE-test,0.19151953850944,-5.660721428397244,2.523963557968143,6.370392041951208,0.7419471634721757,0.43182310625300213,0.80848046149056,-0.03911754414607205,0.9006007019369419,0.45800292225076683,1.8809791245018392
