,rse,mare,rmse,mse,r2,kge,nse,mkge,cc,alpha,beta
LE-train,0.28551846742630005,0.4549314566941345,56.52364767882041,3194.9227469194198,0.7020905715467325,0.8186894275396766,0.7144815875088995,0.7848322059861899,0.8571370262351147,1.109644696373615,0.8822486056772113
LE-test,0.1822744905948639,0.40073168375804075,46.101855395970375,2125.381070950963,0.7649002258649773,0.8433094415911582,0.8177255194205804,0.8195266812741434,0.9048916519058863,1.0350673599796272,0.8506838884822111
NEE-train,0.1900668889284134,-3.583748810350844,4.406319049413178,19.415647565221455,0.7667963649044544,0.8401885775487495,0.8099331201393101,0.7938152080397765,0.8999889806971998,1.078020624402911,0.8374492490897827
NEE-test,0.2412307858467102,1841.3284423888117,4.76701254952027,22.72440864728375,0.5551384948834324,-457.99318913805524,0.758769222418695,-457.9941992903777,0.8875856756502426,459.9930996696863,0.0016008573163151683
