,rse,mare,rmse,mse,r2,kge,nse,mkge,cc,alpha,beta
LE-train,1.2105770269007217,1.3412532829716992,64.91379270149274,4213.800482892372,-4.405176931839016,-0.2899406799053761,-0.21057702690072166,-55.89673539873863,0.3653608763275986,0.008175768694867348,57.884549896355665
LE-test,1.3244964873749239,1.2830022445287927,73.50290338543377,5402.676806088411,-6.954168087400394,-0.3787516465400049,-0.32449648737492387,-6.568288134665603,0.35165686762992326,-0.06311747670367064,-6.465146864111645
NEE-train,0.13896104846984828,10.998960121922243,1.9865879031502556,3.9465314969429293,0.8357037161150205,0.728834540027727,0.8610389515301518,0.6304961914650695,0.9279773602226359,1.248778533281132,0.736456748787211
NEE-test,0.15112782711672643,-4.702276219089203,2.242067874385711,5.0268683533524605,0.7985188579576048,0.14724874301852242,0.8488721728832735,-3.452564056516805,0.9245880700214646,0.16121422148841794,5.372193744102498
