,rse,mare,rmse,mse,r2,kge,nse,mkge,cc,alpha,beta
LE-train,0.246618373178435,0.4944375641181377,29.299046333335617,858.4341160429473,0.6639697411364434,0.8051954209626159,0.753381626821565,0.804946820590668,0.868049961709902,1.0003943997962816,0.8563519069331882
LE-test,0.2285940256754251,0.4280569411982708,30.535956388860754,932.4446325824059,0.6768873740247892,0.786511761922016,0.7714059743245749,0.8325069023040366,0.8805376844171082,0.9221437318449163,0.9121302416053918
NEE-train,0.14619515893776422,11.237498811955797,2.037641332006438,4.1519821979009714,0.8268246515950916,0.8174369486657963,0.8538048410622358,0.743667093297091,0.9240366553139802,1.144797265419858,0.802592094257078
NEE-test,0.1303456837774538,-4.495455558799863,2.0822116121526326,4.3356051977832655,0.8462166495710832,0.84742377933898,0.8696543162225462,0.7844002893631848,0.9326542115037415,1.111567585608002,0.8282430384523038
