,rse,mare,rmse,mse,r2,kge,nse,mkge,cc,alpha,beta
LE-train,0.7429336905479431,0.653970345367469,30.148972896432046,908.9605667097941,-0.9445173516009235,0.3371952413813212,0.2570662332014578,0.4537204901639923,0.5743599131818435,0.6648816681561062,0.9296613689195837
LE-test,1.3845971822738647,0.7329094362158206,26.016738190129452,676.8706660537403,-0.6928094039008417,0.2350582478747294,-0.38459717836815854,0.12709566077885837,0.3363020899200763,0.6318961198657688,1.4312384526184592
NEE-train,0.7826458215713501,-5.015497791330657,1.9287626023736515,3.7201251763151806,-0.4796358969790542,0.3521737889124398,0.21735417835066873,0.4061129694534158,0.5139929170814497,0.6696926047458033,1.0859996804925964
NEE-test,1.1793150901794434,-6.484780423736794,1.8112653329633626,3.2806821063948806,-1.6455764549162137,-0.1390704050778977,-0.17931521869066058,-0.9574448003922822,0.20573506649958356,0.25422914281169173,2.6262100696290673
